use T_25_i;


SET IDENTITY_INSERT dbo.Stock ON;
INSERT dbo.Stock (StockId, PartId, StoreId, Quantity) VALUES (100, 1, 1, 100000);
INSERT dbo.Stock (StockId, PartId, StoreId, Quantity) VALUES (101, 1, 2, 100000);
INSERT dbo.Stock (StockId, PartId, StoreId, Quantity) VALUES (102, 1, 3, 100000);
INSERT dbo.Stock (StockId, PartId, StoreId, Quantity) VALUES (103, 1, 4, 100000);
INSERT dbo.Stock (StockId, PartId, StoreId, Quantity) VALUES (104, 1, 5, 100000);
INSERT dbo.Stock (StockId, PartId, StoreId, Quantity) VALUES (105, 1, 6, 100000);
INSERT dbo.Stock (StockId, PartId, StoreId, Quantity) VALUES (106, 1, 7, 100000);
INSERT dbo.Stock (StockId, PartId, StoreId, Quantity) VALUES (107, 1, 8, 100000);
INSERT dbo.Stock (StockId, PartId, StoreId, Quantity) VALUES (108, 1, 9, 100000);
INSERT dbo.Stock (StockId, PartId, StoreId, Quantity) VALUES (109, 1, 10, 100000);
INSERT dbo.Stock (StockId, PartId, StoreId, Quantity) VALUES (110, 2, 1, 100000);
INSERT dbo.Stock (StockId, PartId, StoreId, Quantity) VALUES (111, 2, 2, 100000);
INSERT dbo.Stock (StockId, PartId, StoreId, Quantity) VALUES (112, 2, 3, 100000);
INSERT dbo.Stock (StockId, PartId, StoreId, Quantity) VALUES (113, 2, 4, 100000);
INSERT dbo.Stock (StockId, PartId, StoreId, Quantity) VALUES (114, 2, 5, 100000);
INSERT dbo.Stock (StockId, PartId, StoreId, Quantity) VALUES (115, 2, 6, 100000);
INSERT dbo.Stock (StockId, PartId, StoreId, Quantity) VALUES (116, 2, 7, 100000);
INSERT dbo.Stock (StockId, PartId, StoreId, Quantity) VALUES (117, 2, 8, 100000);
INSERT dbo.Stock (StockId, PartId, StoreId, Quantity) VALUES (118, 2, 9, 100000);
INSERT dbo.Stock (StockId, PartId, StoreId, Quantity) VALUES (119, 2, 10, 100000);
INSERT dbo.Stock (StockId, PartId, StoreId, Quantity) VALUES (120, 3, 1, 100000);
INSERT dbo.Stock (StockId, PartId, StoreId, Quantity) VALUES (121, 3, 2, 100000);
INSERT dbo.Stock (StockId, PartId, StoreId, Quantity) VALUES (122, 3, 3, 100000);
INSERT dbo.Stock (StockId, PartId, StoreId, Quantity) VALUES (123, 3, 4, 100000);
INSERT dbo.Stock (StockId, PartId, StoreId, Quantity) VALUES (124, 3, 5, 100000);
INSERT dbo.Stock (StockId, PartId, StoreId, Quantity) VALUES (125, 3, 6, 100000);
INSERT dbo.Stock (StockId, PartId, StoreId, Quantity) VALUES (126, 3, 7, 100000);
INSERT dbo.Stock (StockId, PartId, StoreId, Quantity) VALUES (127, 3, 8, 100000);
INSERT dbo.Stock (StockId, PartId, StoreId, Quantity) VALUES (128, 3, 9, 100000);
INSERT dbo.Stock (StockId, PartId, StoreId, Quantity) VALUES (129, 3, 10, 100000);
INSERT dbo.Stock (StockId, PartId, StoreId, Quantity) VALUES (130, 4, 1, 100000);
INSERT dbo.Stock (StockId, PartId, StoreId, Quantity) VALUES (131, 4, 2, 100000);
INSERT dbo.Stock (StockId, PartId, StoreId, Quantity) VALUES (132, 4, 3, 100000);
INSERT dbo.Stock (StockId, PartId, StoreId, Quantity) VALUES (133, 4, 4, 100000);
INSERT dbo.Stock (StockId, PartId, StoreId, Quantity) VALUES (134, 4, 5, 100000);
INSERT dbo.Stock (StockId, PartId, StoreId, Quantity) VALUES (135, 4, 6, 100000);
INSERT dbo.Stock (StockId, PartId, StoreId, Quantity) VALUES (136, 4, 7, 100000);
INSERT dbo.Stock (StockId, PartId, StoreId, Quantity) VALUES (137, 4, 8, 100000);
INSERT dbo.Stock (StockId, PartId, StoreId, Quantity) VALUES (138, 4, 9, 100000);
INSERT dbo.Stock (StockId, PartId, StoreId, Quantity) VALUES (139, 4, 10, 100000);
INSERT dbo.Stock (StockId, PartId, StoreId, Quantity) VALUES (140, 5, 1, 100000);
INSERT dbo.Stock (StockId, PartId, StoreId, Quantity) VALUES (141, 5, 2, 100000);
INSERT dbo.Stock (StockId, PartId, StoreId, Quantity) VALUES (142, 5, 3, 100000);
INSERT dbo.Stock (StockId, PartId, StoreId, Quantity) VALUES (143, 5, 4, 100000);
INSERT dbo.Stock (StockId, PartId, StoreId, Quantity) VALUES (144, 5, 5, 100000);
INSERT dbo.Stock (StockId, PartId, StoreId, Quantity) VALUES (145, 5, 6, 100000);
INSERT dbo.Stock (StockId, PartId, StoreId, Quantity) VALUES (146, 5, 7, 100000);
INSERT dbo.Stock (StockId, PartId, StoreId, Quantity) VALUES (147, 5, 8, 100000);
INSERT dbo.Stock (StockId, PartId, StoreId, Quantity) VALUES (148, 5, 9, 100000);
INSERT dbo.Stock (StockId, PartId, StoreId, Quantity) VALUES (149, 5, 10, 100000);
INSERT dbo.Stock (StockId, PartId, StoreId, Quantity) VALUES (150, 6, 1, 100000);
INSERT dbo.Stock (StockId, PartId, StoreId, Quantity) VALUES (151, 6, 2, 100000);
INSERT dbo.Stock (StockId, PartId, StoreId, Quantity) VALUES (152, 6, 3, 100000);
INSERT dbo.Stock (StockId, PartId, StoreId, Quantity) VALUES (153, 6, 4, 100000);
INSERT dbo.Stock (StockId, PartId, StoreId, Quantity) VALUES (154, 6, 5, 100000);
INSERT dbo.Stock (StockId, PartId, StoreId, Quantity) VALUES (155, 6, 6, 100000);
INSERT dbo.Stock (StockId, PartId, StoreId, Quantity) VALUES (156, 6, 7, 100000);
INSERT dbo.Stock (StockId, PartId, StoreId, Quantity) VALUES (157, 6, 8, 100000);
INSERT dbo.Stock (StockId, PartId, StoreId, Quantity) VALUES (158, 6, 9, 100000);
INSERT dbo.Stock (StockId, PartId, StoreId, Quantity) VALUES (159, 6, 10, 100000);
INSERT dbo.Stock (StockId, PartId, StoreId, Quantity) VALUES (160, 7, 1, 100000);
INSERT dbo.Stock (StockId, PartId, StoreId, Quantity) VALUES (161, 7, 2, 100000);
INSERT dbo.Stock (StockId, PartId, StoreId, Quantity) VALUES (162, 7, 3, 100000);
INSERT dbo.Stock (StockId, PartId, StoreId, Quantity) VALUES (163, 7, 4, 100000);
INSERT dbo.Stock (StockId, PartId, StoreId, Quantity) VALUES (164, 7, 5, 100000);
INSERT dbo.Stock (StockId, PartId, StoreId, Quantity) VALUES (165, 7, 6, 100000);
INSERT dbo.Stock (StockId, PartId, StoreId, Quantity) VALUES (166, 7, 7, 100000);
INSERT dbo.Stock (StockId, PartId, StoreId, Quantity) VALUES (167, 7, 8, 100000);
INSERT dbo.Stock (StockId, PartId, StoreId, Quantity) VALUES (168, 7, 9, 100000);
INSERT dbo.Stock (StockId, PartId, StoreId, Quantity) VALUES (169, 7, 10, 100000);
INSERT dbo.Stock (StockId, PartId, StoreId, Quantity) VALUES (170, 8, 1, 100000);
INSERT dbo.Stock (StockId, PartId, StoreId, Quantity) VALUES (171, 8, 2, 100000);
INSERT dbo.Stock (StockId, PartId, StoreId, Quantity) VALUES (172, 8, 3, 100000);
INSERT dbo.Stock (StockId, PartId, StoreId, Quantity) VALUES (173, 8, 4, 100000);
INSERT dbo.Stock (StockId, PartId, StoreId, Quantity) VALUES (174, 8, 5, 100000);
INSERT dbo.Stock (StockId, PartId, StoreId, Quantity) VALUES (175, 8, 6, 100000);
INSERT dbo.Stock (StockId, PartId, StoreId, Quantity) VALUES (176, 8, 7, 100000);
INSERT dbo.Stock (StockId, PartId, StoreId, Quantity) VALUES (177, 8, 8, 100000);
INSERT dbo.Stock (StockId, PartId, StoreId, Quantity) VALUES (178, 8, 9, 100000);
INSERT dbo.Stock (StockId, PartId, StoreId, Quantity) VALUES (179, 8, 10, 100000);
INSERT dbo.Stock (StockId, PartId, StoreId, Quantity) VALUES (180, 9, 1, 100000);
INSERT dbo.Stock (StockId, PartId, StoreId, Quantity) VALUES (181, 9, 2, 100000);
INSERT dbo.Stock (StockId, PartId, StoreId, Quantity) VALUES (182, 9, 3, 100000);
INSERT dbo.Stock (StockId, PartId, StoreId, Quantity) VALUES (183, 9, 4, 100000);
INSERT dbo.Stock (StockId, PartId, StoreId, Quantity) VALUES (184, 9, 5, 100000);
INSERT dbo.Stock (StockId, PartId, StoreId, Quantity) VALUES (185, 9, 6, 100000);
INSERT dbo.Stock (StockId, PartId, StoreId, Quantity) VALUES (186, 9, 7, 100000);
INSERT dbo.Stock (StockId, PartId, StoreId, Quantity) VALUES (187, 9, 8, 100000);
INSERT dbo.Stock (StockId, PartId, StoreId, Quantity) VALUES (188, 9, 9, 100000);
INSERT dbo.Stock (StockId, PartId, StoreId, Quantity) VALUES (189, 9, 10, 100000);
INSERT dbo.Stock (StockId, PartId, StoreId, Quantity) VALUES (190, 10, 1, 100000);
INSERT dbo.Stock (StockId, PartId, StoreId, Quantity) VALUES (191, 10, 2, 100000);
INSERT dbo.Stock (StockId, PartId, StoreId, Quantity) VALUES (192, 10, 3, 100000);
INSERT dbo.Stock (StockId, PartId, StoreId, Quantity) VALUES (193, 10, 4, 100000);
INSERT dbo.Stock (StockId, PartId, StoreId, Quantity) VALUES (194, 10, 5, 100000);
INSERT dbo.Stock (StockId, PartId, StoreId, Quantity) VALUES (195, 10, 6, 100000);
INSERT dbo.Stock (StockId, PartId, StoreId, Quantity) VALUES (196, 10, 7, 100000);
INSERT dbo.Stock (StockId, PartId, StoreId, Quantity) VALUES (197, 10, 8, 100000);
INSERT dbo.Stock (StockId, PartId, StoreId, Quantity) VALUES (198, 10, 9, 100000);
INSERT dbo.Stock (StockId, PartId, StoreId, Quantity) VALUES (199, 10, 10, 100000);
INSERT dbo.Stock (StockId, PartId, StoreId, Quantity) VALUES (200, 11, 1, 100000);
INSERT dbo.Stock (StockId, PartId, StoreId, Quantity) VALUES (201, 11, 2, 100000);
INSERT dbo.Stock (StockId, PartId, StoreId, Quantity) VALUES (202, 11, 3, 100000);
INSERT dbo.Stock (StockId, PartId, StoreId, Quantity) VALUES (203, 11, 4, 100000);
INSERT dbo.Stock (StockId, PartId, StoreId, Quantity) VALUES (204, 11, 5, 100000);
INSERT dbo.Stock (StockId, PartId, StoreId, Quantity) VALUES (205, 11, 6, 100000);
INSERT dbo.Stock (StockId, PartId, StoreId, Quantity) VALUES (206, 11, 7, 100000);
INSERT dbo.Stock (StockId, PartId, StoreId, Quantity) VALUES (207, 11, 8, 100000);
INSERT dbo.Stock (StockId, PartId, StoreId, Quantity) VALUES (208, 11, 9, 100000);
INSERT dbo.Stock (StockId, PartId, StoreId, Quantity) VALUES (209, 11, 10, 100000);
INSERT dbo.Stock (StockId, PartId, StoreId, Quantity) VALUES (210, 12, 1, 100000);
INSERT dbo.Stock (StockId, PartId, StoreId, Quantity) VALUES (211, 12, 2, 100000);
INSERT dbo.Stock (StockId, PartId, StoreId, Quantity) VALUES (212, 12, 3, 100000);
INSERT dbo.Stock (StockId, PartId, StoreId, Quantity) VALUES (213, 12, 4, 100000);
INSERT dbo.Stock (StockId, PartId, StoreId, Quantity) VALUES (214, 12, 5, 100000);
INSERT dbo.Stock (StockId, PartId, StoreId, Quantity) VALUES (215, 12, 6, 100000);
INSERT dbo.Stock (StockId, PartId, StoreId, Quantity) VALUES (216, 12, 7, 100000);
INSERT dbo.Stock (StockId, PartId, StoreId, Quantity) VALUES (217, 12, 8, 100000);
INSERT dbo.Stock (StockId, PartId, StoreId, Quantity) VALUES (218, 12, 9, 100000);
INSERT dbo.Stock (StockId, PartId, StoreId, Quantity) VALUES (219, 12, 10, 100000);
INSERT dbo.Stock (StockId, PartId, StoreId, Quantity) VALUES (220, 13, 1, 100000);
INSERT dbo.Stock (StockId, PartId, StoreId, Quantity) VALUES (221, 13, 2, 100000);
INSERT dbo.Stock (StockId, PartId, StoreId, Quantity) VALUES (222, 13, 3, 100000);
INSERT dbo.Stock (StockId, PartId, StoreId, Quantity) VALUES (223, 13, 4, 100000);
INSERT dbo.Stock (StockId, PartId, StoreId, Quantity) VALUES (224, 13, 5, 100000);
INSERT dbo.Stock (StockId, PartId, StoreId, Quantity) VALUES (225, 13, 6, 100000);
INSERT dbo.Stock (StockId, PartId, StoreId, Quantity) VALUES (226, 13, 7, 100000);
INSERT dbo.Stock (StockId, PartId, StoreId, Quantity) VALUES (227, 13, 8, 100000);
INSERT dbo.Stock (StockId, PartId, StoreId, Quantity) VALUES (228, 13, 9, 100000);
INSERT dbo.Stock (StockId, PartId, StoreId, Quantity) VALUES (229, 13, 10, 100000);
INSERT dbo.Stock (StockId, PartId, StoreId, Quantity) VALUES (230, 14, 1, 100000);
INSERT dbo.Stock (StockId, PartId, StoreId, Quantity) VALUES (231, 14, 2, 100000);
INSERT dbo.Stock (StockId, PartId, StoreId, Quantity) VALUES (232, 14, 3, 100000);
INSERT dbo.Stock (StockId, PartId, StoreId, Quantity) VALUES (233, 14, 4, 100000);
INSERT dbo.Stock (StockId, PartId, StoreId, Quantity) VALUES (234, 14, 5, 100000);
INSERT dbo.Stock (StockId, PartId, StoreId, Quantity) VALUES (235, 14, 6, 100000);
INSERT dbo.Stock (StockId, PartId, StoreId, Quantity) VALUES (236, 14, 7, 100000);
INSERT dbo.Stock (StockId, PartId, StoreId, Quantity) VALUES (237, 14, 8, 100000);
INSERT dbo.Stock (StockId, PartId, StoreId, Quantity) VALUES (238, 14, 9, 100000);
INSERT dbo.Stock (StockId, PartId, StoreId, Quantity) VALUES (239, 14, 10, 100000);
INSERT dbo.Stock (StockId, PartId, StoreId, Quantity) VALUES (240, 15, 1, 100000);
INSERT dbo.Stock (StockId, PartId, StoreId, Quantity) VALUES (241, 15, 2, 100000);
INSERT dbo.Stock (StockId, PartId, StoreId, Quantity) VALUES (242, 15, 3, 100000);
INSERT dbo.Stock (StockId, PartId, StoreId, Quantity) VALUES (243, 15, 4, 100000);
INSERT dbo.Stock (StockId, PartId, StoreId, Quantity) VALUES (244, 15, 5, 100000);
INSERT dbo.Stock (StockId, PartId, StoreId, Quantity) VALUES (245, 15, 6, 100000);
INSERT dbo.Stock (StockId, PartId, StoreId, Quantity) VALUES (246, 15, 7, 100000);
INSERT dbo.Stock (StockId, PartId, StoreId, Quantity) VALUES (247, 15, 8, 100000);
INSERT dbo.Stock (StockId, PartId, StoreId, Quantity) VALUES (248, 15, 9, 100000);
INSERT dbo.Stock (StockId, PartId, StoreId, Quantity) VALUES (249, 15, 10, 100000);
INSERT dbo.Stock (StockId, PartId, StoreId, Quantity) VALUES (250, 16, 1, 100000);
INSERT dbo.Stock (StockId, PartId, StoreId, Quantity) VALUES (251, 16, 2, 100000);
INSERT dbo.Stock (StockId, PartId, StoreId, Quantity) VALUES (252, 16, 3, 100000);
INSERT dbo.Stock (StockId, PartId, StoreId, Quantity) VALUES (253, 16, 4, 100000);
INSERT dbo.Stock (StockId, PartId, StoreId, Quantity) VALUES (254, 16, 5, 100000);
INSERT dbo.Stock (StockId, PartId, StoreId, Quantity) VALUES (255, 16, 6, 100000);
INSERT dbo.Stock (StockId, PartId, StoreId, Quantity) VALUES (256, 16, 7, 100000);
INSERT dbo.Stock (StockId, PartId, StoreId, Quantity) VALUES (257, 16, 8, 100000);
INSERT dbo.Stock (StockId, PartId, StoreId, Quantity) VALUES (258, 16, 9, 100000);
INSERT dbo.Stock (StockId, PartId, StoreId, Quantity) VALUES (259, 16, 10, 100000);
INSERT dbo.Stock (StockId, PartId, StoreId, Quantity) VALUES (260, 17, 1, 100000);
INSERT dbo.Stock (StockId, PartId, StoreId, Quantity) VALUES (261, 17, 2, 100000);
INSERT dbo.Stock (StockId, PartId, StoreId, Quantity) VALUES (262, 17, 3, 100000);
INSERT dbo.Stock (StockId, PartId, StoreId, Quantity) VALUES (263, 17, 4, 100000);
INSERT dbo.Stock (StockId, PartId, StoreId, Quantity) VALUES (264, 17, 5, 100000);
INSERT dbo.Stock (StockId, PartId, StoreId, Quantity) VALUES (265, 17, 6, 100000);
INSERT dbo.Stock (StockId, PartId, StoreId, Quantity) VALUES (266, 17, 7, 100000);
INSERT dbo.Stock (StockId, PartId, StoreId, Quantity) VALUES (267, 17, 8, 100000);
INSERT dbo.Stock (StockId, PartId, StoreId, Quantity) VALUES (268, 17, 9, 100000);
INSERT dbo.Stock (StockId, PartId, StoreId, Quantity) VALUES (269, 17, 10, 100000);
INSERT dbo.Stock (StockId, PartId, StoreId, Quantity) VALUES (270, 18, 1, 100000);
INSERT dbo.Stock (StockId, PartId, StoreId, Quantity) VALUES (271, 18, 2, 100000);
INSERT dbo.Stock (StockId, PartId, StoreId, Quantity) VALUES (272, 18, 3, 100000);
INSERT dbo.Stock (StockId, PartId, StoreId, Quantity) VALUES (273, 18, 4, 100000);
INSERT dbo.Stock (StockId, PartId, StoreId, Quantity) VALUES (274, 18, 5, 100000);
INSERT dbo.Stock (StockId, PartId, StoreId, Quantity) VALUES (275, 18, 6, 100000);
INSERT dbo.Stock (StockId, PartId, StoreId, Quantity) VALUES (276, 18, 7, 100000);
INSERT dbo.Stock (StockId, PartId, StoreId, Quantity) VALUES (277, 18, 8, 100000);
INSERT dbo.Stock (StockId, PartId, StoreId, Quantity) VALUES (278, 18, 9, 100000);
INSERT dbo.Stock (StockId, PartId, StoreId, Quantity) VALUES (279, 18, 10, 100000);
INSERT dbo.Stock (StockId, PartId, StoreId, Quantity) VALUES (280, 20, 1, 100000);
INSERT dbo.Stock (StockId, PartId, StoreId, Quantity) VALUES (281, 20, 2, 100000);
INSERT dbo.Stock (StockId, PartId, StoreId, Quantity) VALUES (282, 20, 3, 100000);
INSERT dbo.Stock (StockId, PartId, StoreId, Quantity) VALUES (283, 20, 4, 100000);
INSERT dbo.Stock (StockId, PartId, StoreId, Quantity) VALUES (284, 20, 5, 100000);
INSERT dbo.Stock (StockId, PartId, StoreId, Quantity) VALUES (285, 20, 6, 100000);
INSERT dbo.Stock (StockId, PartId, StoreId, Quantity) VALUES (286, 20, 7, 100000);
INSERT dbo.Stock (StockId, PartId, StoreId, Quantity) VALUES (287, 20, 8, 100000);
INSERT dbo.Stock (StockId, PartId, StoreId, Quantity) VALUES (288, 20, 9, 100000);
INSERT dbo.Stock (StockId, PartId, StoreId, Quantity) VALUES (289, 20, 10, 100000);
INSERT dbo.Stock (StockId, PartId, StoreId, Quantity) VALUES (290, 21, 1, 100000);
INSERT dbo.Stock (StockId, PartId, StoreId, Quantity) VALUES (291, 21, 2, 100000);
INSERT dbo.Stock (StockId, PartId, StoreId, Quantity) VALUES (292, 21, 3, 100000);
INSERT dbo.Stock (StockId, PartId, StoreId, Quantity) VALUES (293, 21, 4, 100000);
INSERT dbo.Stock (StockId, PartId, StoreId, Quantity) VALUES (294, 21, 5, 100000);
INSERT dbo.Stock (StockId, PartId, StoreId, Quantity) VALUES (295, 21, 6, 100000);
INSERT dbo.Stock (StockId, PartId, StoreId, Quantity) VALUES (296, 21, 7, 100000);
INSERT dbo.Stock (StockId, PartId, StoreId, Quantity) VALUES (297, 21, 8, 100000);
INSERT dbo.Stock (StockId, PartId, StoreId, Quantity) VALUES (298, 21, 9, 100000);
INSERT dbo.Stock (StockId, PartId, StoreId, Quantity) VALUES (299, 21, 10, 100000);
INSERT dbo.Stock (StockId, PartId, StoreId, Quantity) VALUES (300, 22, 1, 100000);
INSERT dbo.Stock (StockId, PartId, StoreId, Quantity) VALUES (301, 22, 2, 100000);
INSERT dbo.Stock (StockId, PartId, StoreId, Quantity) VALUES (302, 22, 3, 100000);
INSERT dbo.Stock (StockId, PartId, StoreId, Quantity) VALUES (303, 22, 4, 100000);
INSERT dbo.Stock (StockId, PartId, StoreId, Quantity) VALUES (304, 22, 5, 100000);
INSERT dbo.Stock (StockId, PartId, StoreId, Quantity) VALUES (305, 22, 6, 100000);
INSERT dbo.Stock (StockId, PartId, StoreId, Quantity) VALUES (306, 22, 7, 100000);
INSERT dbo.Stock (StockId, PartId, StoreId, Quantity) VALUES (307, 22, 8, 100000);
INSERT dbo.Stock (StockId, PartId, StoreId, Quantity) VALUES (308, 22, 9, 100000);
INSERT dbo.Stock (StockId, PartId, StoreId, Quantity) VALUES (309, 22, 10, 100000);
INSERT dbo.Stock (StockId, PartId, StoreId, Quantity) VALUES (310, 23, 1, 100000);
INSERT dbo.Stock (StockId, PartId, StoreId, Quantity) VALUES (311, 23, 2, 100000);
INSERT dbo.Stock (StockId, PartId, StoreId, Quantity) VALUES (312, 23, 3, 100000);
INSERT dbo.Stock (StockId, PartId, StoreId, Quantity) VALUES (313, 23, 4, 100000);
INSERT dbo.Stock (StockId, PartId, StoreId, Quantity) VALUES (314, 23, 5, 100000);
INSERT dbo.Stock (StockId, PartId, StoreId, Quantity) VALUES (315, 23, 6, 100000);
INSERT dbo.Stock (StockId, PartId, StoreId, Quantity) VALUES (316, 23, 7, 100000);
INSERT dbo.Stock (StockId, PartId, StoreId, Quantity) VALUES (317, 23, 8, 100000);
INSERT dbo.Stock (StockId, PartId, StoreId, Quantity) VALUES (318, 23, 9, 100000);
INSERT dbo.Stock (StockId, PartId, StoreId, Quantity) VALUES (319, 23, 10, 100000);
INSERT dbo.Stock (StockId, PartId, StoreId, Quantity) VALUES (320, 24, 1, 100000);
INSERT dbo.Stock (StockId, PartId, StoreId, Quantity) VALUES (321, 24, 2, 100000);
INSERT dbo.Stock (StockId, PartId, StoreId, Quantity) VALUES (322, 24, 3, 100000);
INSERT dbo.Stock (StockId, PartId, StoreId, Quantity) VALUES (323, 24, 4, 100000);
INSERT dbo.Stock (StockId, PartId, StoreId, Quantity) VALUES (324, 24, 5, 100000);
INSERT dbo.Stock (StockId, PartId, StoreId, Quantity) VALUES (325, 24, 6, 100000);
INSERT dbo.Stock (StockId, PartId, StoreId, Quantity) VALUES (326, 24, 7, 100000);
INSERT dbo.Stock (StockId, PartId, StoreId, Quantity) VALUES (327, 24, 8, 100000);
INSERT dbo.Stock (StockId, PartId, StoreId, Quantity) VALUES (328, 24, 9, 100000);
INSERT dbo.Stock (StockId, PartId, StoreId, Quantity) VALUES (329, 24, 10, 100000);
INSERT dbo.Stock (StockId, PartId, StoreId, Quantity) VALUES (330, 25, 1, 100000);
INSERT dbo.Stock (StockId, PartId, StoreId, Quantity) VALUES (331, 25, 2, 100000);
INSERT dbo.Stock (StockId, PartId, StoreId, Quantity) VALUES (332, 25, 3, 100000);
INSERT dbo.Stock (StockId, PartId, StoreId, Quantity) VALUES (333, 25, 4, 100000);
INSERT dbo.Stock (StockId, PartId, StoreId, Quantity) VALUES (334, 25, 5, 100000);
INSERT dbo.Stock (StockId, PartId, StoreId, Quantity) VALUES (335, 25, 6, 100000);
INSERT dbo.Stock (StockId, PartId, StoreId, Quantity) VALUES (336, 25, 7, 100000);
INSERT dbo.Stock (StockId, PartId, StoreId, Quantity) VALUES (337, 25, 8, 100000);
INSERT dbo.Stock (StockId, PartId, StoreId, Quantity) VALUES (338, 25, 9, 100000);
INSERT dbo.Stock (StockId, PartId, StoreId, Quantity) VALUES (339, 25, 10, 100000);
INSERT dbo.Stock (StockId, PartId, StoreId, Quantity) VALUES (340, 26, 1, 100000);
INSERT dbo.Stock (StockId, PartId, StoreId, Quantity) VALUES (341, 26, 2, 100000);
INSERT dbo.Stock (StockId, PartId, StoreId, Quantity) VALUES (342, 26, 3, 100000);
INSERT dbo.Stock (StockId, PartId, StoreId, Quantity) VALUES (343, 26, 4, 100000);
INSERT dbo.Stock (StockId, PartId, StoreId, Quantity) VALUES (344, 26, 5, 100000);
INSERT dbo.Stock (StockId, PartId, StoreId, Quantity) VALUES (345, 26, 6, 100000);
INSERT dbo.Stock (StockId, PartId, StoreId, Quantity) VALUES (346, 26, 7, 100000);
INSERT dbo.Stock (StockId, PartId, StoreId, Quantity) VALUES (347, 26, 8, 100000);
INSERT dbo.Stock (StockId, PartId, StoreId, Quantity) VALUES (348, 26, 9, 100000);
INSERT dbo.Stock (StockId, PartId, StoreId, Quantity) VALUES (349, 26, 10, 100000);
INSERT dbo.Stock (StockId, PartId, StoreId, Quantity) VALUES (350, 27, 1, 100000);
INSERT dbo.Stock (StockId, PartId, StoreId, Quantity) VALUES (351, 27, 2, 100000);
INSERT dbo.Stock (StockId, PartId, StoreId, Quantity) VALUES (352, 27, 3, 100000);
INSERT dbo.Stock (StockId, PartId, StoreId, Quantity) VALUES (353, 27, 4, 100000);
INSERT dbo.Stock (StockId, PartId, StoreId, Quantity) VALUES (354, 27, 5, 100000);
INSERT dbo.Stock (StockId, PartId, StoreId, Quantity) VALUES (355, 27, 6, 100000);
INSERT dbo.Stock (StockId, PartId, StoreId, Quantity) VALUES (356, 27, 7, 100000);
INSERT dbo.Stock (StockId, PartId, StoreId, Quantity) VALUES (357, 27, 8, 100000);
INSERT dbo.Stock (StockId, PartId, StoreId, Quantity) VALUES (358, 27, 9, 100000);
INSERT dbo.Stock (StockId, PartId, StoreId, Quantity) VALUES (359, 27, 10, 100000);
INSERT dbo.Stock (StockId, PartId, StoreId, Quantity) VALUES (360, 28, 1, 100000);
INSERT dbo.Stock (StockId, PartId, StoreId, Quantity) VALUES (361, 28, 2, 100000);
INSERT dbo.Stock (StockId, PartId, StoreId, Quantity) VALUES (362, 28, 3, 100000);
INSERT dbo.Stock (StockId, PartId, StoreId, Quantity) VALUES (363, 28, 4, 100000);
INSERT dbo.Stock (StockId, PartId, StoreId, Quantity) VALUES (364, 28, 5, 100000);
INSERT dbo.Stock (StockId, PartId, StoreId, Quantity) VALUES (365, 28, 6, 100000);
INSERT dbo.Stock (StockId, PartId, StoreId, Quantity) VALUES (366, 28, 7, 100000);
INSERT dbo.Stock (StockId, PartId, StoreId, Quantity) VALUES (367, 28, 8, 100000);
INSERT dbo.Stock (StockId, PartId, StoreId, Quantity) VALUES (368, 28, 9, 100000);
INSERT dbo.Stock (StockId, PartId, StoreId, Quantity) VALUES (369, 28, 10, 100000);
INSERT dbo.Stock (StockId, PartId, StoreId, Quantity) VALUES (370, 29, 1, 100000);
INSERT dbo.Stock (StockId, PartId, StoreId, Quantity) VALUES (371, 29, 2, 100000);
INSERT dbo.Stock (StockId, PartId, StoreId, Quantity) VALUES (372, 29, 3, 100000);
INSERT dbo.Stock (StockId, PartId, StoreId, Quantity) VALUES (373, 29, 4, 100000);
INSERT dbo.Stock (StockId, PartId, StoreId, Quantity) VALUES (374, 29, 5, 100000);
INSERT dbo.Stock (StockId, PartId, StoreId, Quantity) VALUES (375, 29, 6, 100000);
INSERT dbo.Stock (StockId, PartId, StoreId, Quantity) VALUES (376, 29, 7, 100000);
INSERT dbo.Stock (StockId, PartId, StoreId, Quantity) VALUES (377, 29, 8, 100000);
INSERT dbo.Stock (StockId, PartId, StoreId, Quantity) VALUES (378, 29, 9, 100000);
INSERT dbo.Stock (StockId, PartId, StoreId, Quantity) VALUES (379, 29, 10, 100000);
INSERT dbo.Stock (StockId, PartId, StoreId, Quantity) VALUES (380, 30, 1, 100000);
INSERT dbo.Stock (StockId, PartId, StoreId, Quantity) VALUES (381, 30, 2, 100000);
INSERT dbo.Stock (StockId, PartId, StoreId, Quantity) VALUES (382, 30, 3, 100000);
INSERT dbo.Stock (StockId, PartId, StoreId, Quantity) VALUES (383, 30, 4, 100000);
INSERT dbo.Stock (StockId, PartId, StoreId, Quantity) VALUES (384, 30, 5, 100000);
INSERT dbo.Stock (StockId, PartId, StoreId, Quantity) VALUES (385, 30, 6, 100000);
INSERT dbo.Stock (StockId, PartId, StoreId, Quantity) VALUES (386, 30, 7, 100000);
INSERT dbo.Stock (StockId, PartId, StoreId, Quantity) VALUES (387, 30, 8, 100000);
INSERT dbo.Stock (StockId, PartId, StoreId, Quantity) VALUES (388, 30, 9, 100000);
INSERT dbo.Stock (StockId, PartId, StoreId, Quantity) VALUES (389, 30, 10, 100000);
INSERT dbo.Stock (StockId, PartId, StoreId, Quantity) VALUES (390, 101, 1, 100000);
INSERT dbo.Stock (StockId, PartId, StoreId, Quantity) VALUES (391, 101, 2, 100000);
INSERT dbo.Stock (StockId, PartId, StoreId, Quantity) VALUES (392, 101, 3, 100000);
INSERT dbo.Stock (StockId, PartId, StoreId, Quantity) VALUES (393, 101, 4, 100000);
INSERT dbo.Stock (StockId, PartId, StoreId, Quantity) VALUES (394, 101, 5, 100000);
INSERT dbo.Stock (StockId, PartId, StoreId, Quantity) VALUES (395, 101, 6, 100000);
INSERT dbo.Stock (StockId, PartId, StoreId, Quantity) VALUES (396, 101, 7, 100000);
INSERT dbo.Stock (StockId, PartId, StoreId, Quantity) VALUES (397, 101, 8, 100000);
INSERT dbo.Stock (StockId, PartId, StoreId, Quantity) VALUES (398, 101, 9, 100000);
INSERT dbo.Stock (StockId, PartId, StoreId, Quantity) VALUES (399, 101, 10, 100000);
INSERT dbo.Stock (StockId, PartId, StoreId, Quantity) VALUES (400, 102, 1, 100000);
INSERT dbo.Stock (StockId, PartId, StoreId, Quantity) VALUES (401, 102, 2, 100000);
INSERT dbo.Stock (StockId, PartId, StoreId, Quantity) VALUES (402, 102, 3, 100000);
INSERT dbo.Stock (StockId, PartId, StoreId, Quantity) VALUES (403, 102, 4, 100000);
INSERT dbo.Stock (StockId, PartId, StoreId, Quantity) VALUES (404, 102, 5, 100000);
INSERT dbo.Stock (StockId, PartId, StoreId, Quantity) VALUES (405, 102, 6, 100000);
INSERT dbo.Stock (StockId, PartId, StoreId, Quantity) VALUES (406, 102, 7, 100000);
INSERT dbo.Stock (StockId, PartId, StoreId, Quantity) VALUES (407, 102, 8, 100000);
INSERT dbo.Stock (StockId, PartId, StoreId, Quantity) VALUES (408, 102, 9, 100000);
INSERT dbo.Stock (StockId, PartId, StoreId, Quantity) VALUES (409, 102, 10, 100000);
INSERT dbo.Stock (StockId, PartId, StoreId, Quantity) VALUES (410, 103, 1, 100000);
INSERT dbo.Stock (StockId, PartId, StoreId, Quantity) VALUES (411, 103, 2, 100000);
INSERT dbo.Stock (StockId, PartId, StoreId, Quantity) VALUES (412, 103, 3, 100000);
INSERT dbo.Stock (StockId, PartId, StoreId, Quantity) VALUES (413, 103, 4, 100000);
INSERT dbo.Stock (StockId, PartId, StoreId, Quantity) VALUES (414, 103, 5, 100000);
INSERT dbo.Stock (StockId, PartId, StoreId, Quantity) VALUES (415, 103, 6, 100000);
INSERT dbo.Stock (StockId, PartId, StoreId, Quantity) VALUES (416, 103, 7, 100000);
INSERT dbo.Stock (StockId, PartId, StoreId, Quantity) VALUES (417, 103, 8, 100000);
INSERT dbo.Stock (StockId, PartId, StoreId, Quantity) VALUES (418, 103, 9, 100000);
INSERT dbo.Stock (StockId, PartId, StoreId, Quantity) VALUES (419, 103, 10, 100000);
INSERT dbo.Stock (StockId, PartId, StoreId, Quantity) VALUES (420, 104, 1, 100000);
INSERT dbo.Stock (StockId, PartId, StoreId, Quantity) VALUES (421, 104, 2, 100000);
INSERT dbo.Stock (StockId, PartId, StoreId, Quantity) VALUES (422, 104, 3, 100000);
INSERT dbo.Stock (StockId, PartId, StoreId, Quantity) VALUES (423, 104, 4, 100000);
INSERT dbo.Stock (StockId, PartId, StoreId, Quantity) VALUES (424, 104, 5, 100000);
INSERT dbo.Stock (StockId, PartId, StoreId, Quantity) VALUES (425, 104, 6, 100000);
INSERT dbo.Stock (StockId, PartId, StoreId, Quantity) VALUES (426, 104, 7, 100000);
INSERT dbo.Stock (StockId, PartId, StoreId, Quantity) VALUES (427, 104, 8, 100000);
INSERT dbo.Stock (StockId, PartId, StoreId, Quantity) VALUES (428, 104, 9, 100000);
INSERT dbo.Stock (StockId, PartId, StoreId, Quantity) VALUES (429, 104, 10, 100000);
INSERT dbo.Stock (StockId, PartId, StoreId, Quantity) VALUES (430, 105, 1, 100000);
INSERT dbo.Stock (StockId, PartId, StoreId, Quantity) VALUES (431, 105, 2, 100000);
INSERT dbo.Stock (StockId, PartId, StoreId, Quantity) VALUES (432, 105, 3, 100000);
INSERT dbo.Stock (StockId, PartId, StoreId, Quantity) VALUES (433, 105, 4, 100000);
INSERT dbo.Stock (StockId, PartId, StoreId, Quantity) VALUES (434, 105, 5, 100000);
INSERT dbo.Stock (StockId, PartId, StoreId, Quantity) VALUES (435, 105, 6, 100000);
INSERT dbo.Stock (StockId, PartId, StoreId, Quantity) VALUES (436, 105, 7, 100000);
INSERT dbo.Stock (StockId, PartId, StoreId, Quantity) VALUES (437, 105, 8, 100000);
INSERT dbo.Stock (StockId, PartId, StoreId, Quantity) VALUES (438, 105, 9, 100000);
INSERT dbo.Stock (StockId, PartId, StoreId, Quantity) VALUES (439, 105, 10, 100000);
INSERT dbo.Stock (StockId, PartId, StoreId, Quantity) VALUES (440, 106, 1, 100000);
INSERT dbo.Stock (StockId, PartId, StoreId, Quantity) VALUES (441, 106, 2, 100000);
INSERT dbo.Stock (StockId, PartId, StoreId, Quantity) VALUES (442, 106, 3, 100000);
INSERT dbo.Stock (StockId, PartId, StoreId, Quantity) VALUES (443, 106, 4, 100000);
INSERT dbo.Stock (StockId, PartId, StoreId, Quantity) VALUES (444, 106, 5, 100000);
INSERT dbo.Stock (StockId, PartId, StoreId, Quantity) VALUES (445, 106, 6, 100000);
INSERT dbo.Stock (StockId, PartId, StoreId, Quantity) VALUES (446, 106, 7, 100000);
INSERT dbo.Stock (StockId, PartId, StoreId, Quantity) VALUES (447, 106, 8, 100000);
INSERT dbo.Stock (StockId, PartId, StoreId, Quantity) VALUES (448, 106, 9, 100000);
INSERT dbo.Stock (StockId, PartId, StoreId, Quantity) VALUES (449, 106, 10, 100000);
INSERT dbo.Stock (StockId, PartId, StoreId, Quantity) VALUES (450, 107, 1, 100000);
INSERT dbo.Stock (StockId, PartId, StoreId, Quantity) VALUES (451, 107, 2, 100000);
INSERT dbo.Stock (StockId, PartId, StoreId, Quantity) VALUES (452, 107, 3, 100000);
INSERT dbo.Stock (StockId, PartId, StoreId, Quantity) VALUES (453, 107, 4, 100000);
INSERT dbo.Stock (StockId, PartId, StoreId, Quantity) VALUES (454, 107, 5, 100000);
INSERT dbo.Stock (StockId, PartId, StoreId, Quantity) VALUES (455, 107, 6, 100000);
INSERT dbo.Stock (StockId, PartId, StoreId, Quantity) VALUES (456, 107, 7, 100000);
INSERT dbo.Stock (StockId, PartId, StoreId, Quantity) VALUES (457, 107, 8, 100000);
INSERT dbo.Stock (StockId, PartId, StoreId, Quantity) VALUES (458, 107, 9, 100000);
INSERT dbo.Stock (StockId, PartId, StoreId, Quantity) VALUES (459, 107, 10, 100000);
INSERT dbo.Stock (StockId, PartId, StoreId, Quantity) VALUES (460, 108, 1, 100000);
INSERT dbo.Stock (StockId, PartId, StoreId, Quantity) VALUES (461, 108, 2, 100000);
INSERT dbo.Stock (StockId, PartId, StoreId, Quantity) VALUES (462, 108, 3, 100000);
INSERT dbo.Stock (StockId, PartId, StoreId, Quantity) VALUES (463, 108, 4, 100000);
INSERT dbo.Stock (StockId, PartId, StoreId, Quantity) VALUES (464, 108, 5, 100000);
INSERT dbo.Stock (StockId, PartId, StoreId, Quantity) VALUES (465, 108, 6, 100000);
INSERT dbo.Stock (StockId, PartId, StoreId, Quantity) VALUES (466, 108, 7, 100000);
INSERT dbo.Stock (StockId, PartId, StoreId, Quantity) VALUES (467, 108, 8, 100000);
INSERT dbo.Stock (StockId, PartId, StoreId, Quantity) VALUES (468, 108, 9, 100000);
INSERT dbo.Stock (StockId, PartId, StoreId, Quantity) VALUES (469, 108, 10, 100000);
INSERT dbo.Stock (StockId, PartId, StoreId, Quantity) VALUES (470, 109, 1, 100000);
INSERT dbo.Stock (StockId, PartId, StoreId, Quantity) VALUES (471, 109, 2, 100000);
INSERT dbo.Stock (StockId, PartId, StoreId, Quantity) VALUES (472, 109, 3, 100000);
INSERT dbo.Stock (StockId, PartId, StoreId, Quantity) VALUES (473, 109, 4, 100000);
INSERT dbo.Stock (StockId, PartId, StoreId, Quantity) VALUES (474, 109, 5, 100000);
INSERT dbo.Stock (StockId, PartId, StoreId, Quantity) VALUES (475, 109, 6, 100000);
INSERT dbo.Stock (StockId, PartId, StoreId, Quantity) VALUES (476, 109, 7, 100000);
INSERT dbo.Stock (StockId, PartId, StoreId, Quantity) VALUES (477, 109, 8, 100000);
INSERT dbo.Stock (StockId, PartId, StoreId, Quantity) VALUES (478, 109, 9, 100000);
INSERT dbo.Stock (StockId, PartId, StoreId, Quantity) VALUES (479, 109, 10, 100000);
INSERT dbo.Stock (StockId, PartId, StoreId, Quantity) VALUES (480, 110, 1, 100000);
INSERT dbo.Stock (StockId, PartId, StoreId, Quantity) VALUES (481, 110, 2, 100000);
INSERT dbo.Stock (StockId, PartId, StoreId, Quantity) VALUES (482, 110, 3, 100000);
INSERT dbo.Stock (StockId, PartId, StoreId, Quantity) VALUES (483, 110, 4, 100000);
INSERT dbo.Stock (StockId, PartId, StoreId, Quantity) VALUES (484, 110, 5, 100000);
INSERT dbo.Stock (StockId, PartId, StoreId, Quantity) VALUES (485, 110, 6, 100000);
INSERT dbo.Stock (StockId, PartId, StoreId, Quantity) VALUES (486, 110, 7, 100000);
INSERT dbo.Stock (StockId, PartId, StoreId, Quantity) VALUES (487, 110, 8, 100000);
INSERT dbo.Stock (StockId, PartId, StoreId, Quantity) VALUES (488, 110, 9, 100000);
INSERT dbo.Stock (StockId, PartId, StoreId, Quantity) VALUES (489, 110, 10, 100000);
INSERT dbo.Stock (StockId, PartId, StoreId, Quantity) VALUES (490, 111, 1, 100000);
INSERT dbo.Stock (StockId, PartId, StoreId, Quantity) VALUES (491, 111, 2, 100000);
INSERT dbo.Stock (StockId, PartId, StoreId, Quantity) VALUES (492, 111, 3, 100000);
INSERT dbo.Stock (StockId, PartId, StoreId, Quantity) VALUES (493, 111, 4, 100000);
INSERT dbo.Stock (StockId, PartId, StoreId, Quantity) VALUES (494, 111, 5, 100000);
INSERT dbo.Stock (StockId, PartId, StoreId, Quantity) VALUES (495, 111, 6, 100000);
INSERT dbo.Stock (StockId, PartId, StoreId, Quantity) VALUES (496, 111, 7, 100000);
INSERT dbo.Stock (StockId, PartId, StoreId, Quantity) VALUES (497, 111, 8, 100000);
INSERT dbo.Stock (StockId, PartId, StoreId, Quantity) VALUES (498, 111, 9, 100000);
INSERT dbo.Stock (StockId, PartId, StoreId, Quantity) VALUES (499, 111, 10, 100000);
INSERT dbo.Stock (StockId, PartId, StoreId, Quantity) VALUES (500, 112, 1, 100000);
INSERT dbo.Stock (StockId, PartId, StoreId, Quantity) VALUES (501, 112, 2, 100000);
INSERT dbo.Stock (StockId, PartId, StoreId, Quantity) VALUES (502, 112, 3, 100000);
INSERT dbo.Stock (StockId, PartId, StoreId, Quantity) VALUES (503, 112, 4, 100000);
INSERT dbo.Stock (StockId, PartId, StoreId, Quantity) VALUES (504, 112, 5, 100000);
INSERT dbo.Stock (StockId, PartId, StoreId, Quantity) VALUES (505, 112, 6, 100000);
INSERT dbo.Stock (StockId, PartId, StoreId, Quantity) VALUES (506, 112, 7, 100000);
INSERT dbo.Stock (StockId, PartId, StoreId, Quantity) VALUES (507, 112, 8, 100000);
INSERT dbo.Stock (StockId, PartId, StoreId, Quantity) VALUES (508, 112, 9, 100000);
INSERT dbo.Stock (StockId, PartId, StoreId, Quantity) VALUES (509, 112, 10, 100000);
INSERT dbo.Stock (StockId, PartId, StoreId, Quantity) VALUES (510, 113, 1, 100000);
INSERT dbo.Stock (StockId, PartId, StoreId, Quantity) VALUES (511, 113, 2, 100000);
INSERT dbo.Stock (StockId, PartId, StoreId, Quantity) VALUES (512, 113, 3, 100000);
INSERT dbo.Stock (StockId, PartId, StoreId, Quantity) VALUES (513, 113, 4, 100000);
INSERT dbo.Stock (StockId, PartId, StoreId, Quantity) VALUES (514, 113, 5, 100000);
INSERT dbo.Stock (StockId, PartId, StoreId, Quantity) VALUES (515, 113, 6, 100000);
INSERT dbo.Stock (StockId, PartId, StoreId, Quantity) VALUES (516, 113, 7, 100000);
INSERT dbo.Stock (StockId, PartId, StoreId, Quantity) VALUES (517, 113, 8, 100000);
INSERT dbo.Stock (StockId, PartId, StoreId, Quantity) VALUES (518, 113, 9, 100000);
INSERT dbo.Stock (StockId, PartId, StoreId, Quantity) VALUES (519, 113, 10, 100000);
INSERT dbo.Stock (StockId, PartId, StoreId, Quantity) VALUES (520, 114, 1, 100000);
INSERT dbo.Stock (StockId, PartId, StoreId, Quantity) VALUES (521, 114, 2, 100000);
INSERT dbo.Stock (StockId, PartId, StoreId, Quantity) VALUES (522, 114, 3, 100000);
INSERT dbo.Stock (StockId, PartId, StoreId, Quantity) VALUES (523, 114, 4, 100000);
INSERT dbo.Stock (StockId, PartId, StoreId, Quantity) VALUES (524, 114, 5, 100000);
INSERT dbo.Stock (StockId, PartId, StoreId, Quantity) VALUES (525, 114, 6, 100000);
INSERT dbo.Stock (StockId, PartId, StoreId, Quantity) VALUES (526, 114, 7, 100000);
INSERT dbo.Stock (StockId, PartId, StoreId, Quantity) VALUES (527, 114, 8, 100000);
INSERT dbo.Stock (StockId, PartId, StoreId, Quantity) VALUES (528, 114, 9, 100000);
INSERT dbo.Stock (StockId, PartId, StoreId, Quantity) VALUES (529, 114, 10, 100000);
INSERT dbo.Stock (StockId, PartId, StoreId, Quantity) VALUES (530, 115, 1, 100000);
INSERT dbo.Stock (StockId, PartId, StoreId, Quantity) VALUES (531, 115, 2, 100000);
INSERT dbo.Stock (StockId, PartId, StoreId, Quantity) VALUES (532, 115, 3, 100000);
INSERT dbo.Stock (StockId, PartId, StoreId, Quantity) VALUES (533, 115, 4, 100000);
INSERT dbo.Stock (StockId, PartId, StoreId, Quantity) VALUES (534, 115, 5, 100000);
INSERT dbo.Stock (StockId, PartId, StoreId, Quantity) VALUES (535, 115, 6, 100000);
INSERT dbo.Stock (StockId, PartId, StoreId, Quantity) VALUES (536, 115, 7, 100000);
INSERT dbo.Stock (StockId, PartId, StoreId, Quantity) VALUES (537, 115, 8, 100000);
INSERT dbo.Stock (StockId, PartId, StoreId, Quantity) VALUES (538, 115, 9, 100000);
INSERT dbo.Stock (StockId, PartId, StoreId, Quantity) VALUES (539, 115, 10, 100000);
INSERT dbo.Stock (StockId, PartId, StoreId, Quantity) VALUES (540, 116, 1, 100000);
INSERT dbo.Stock (StockId, PartId, StoreId, Quantity) VALUES (541, 116, 2, 100000);
INSERT dbo.Stock (StockId, PartId, StoreId, Quantity) VALUES (542, 116, 3, 100000);
INSERT dbo.Stock (StockId, PartId, StoreId, Quantity) VALUES (543, 116, 4, 100000);
INSERT dbo.Stock (StockId, PartId, StoreId, Quantity) VALUES (544, 116, 5, 100000);
INSERT dbo.Stock (StockId, PartId, StoreId, Quantity) VALUES (545, 116, 6, 100000);
INSERT dbo.Stock (StockId, PartId, StoreId, Quantity) VALUES (546, 116, 7, 100000);
INSERT dbo.Stock (StockId, PartId, StoreId, Quantity) VALUES (547, 116, 8, 100000);
INSERT dbo.Stock (StockId, PartId, StoreId, Quantity) VALUES (548, 116, 9, 100000);
INSERT dbo.Stock (StockId, PartId, StoreId, Quantity) VALUES (549, 116, 10, 100000);
INSERT dbo.Stock (StockId, PartId, StoreId, Quantity) VALUES (550, 117, 1, 100000);
INSERT dbo.Stock (StockId, PartId, StoreId, Quantity) VALUES (551, 117, 2, 100000);
INSERT dbo.Stock (StockId, PartId, StoreId, Quantity) VALUES (552, 117, 3, 100000);
INSERT dbo.Stock (StockId, PartId, StoreId, Quantity) VALUES (553, 117, 4, 100000);
INSERT dbo.Stock (StockId, PartId, StoreId, Quantity) VALUES (554, 117, 5, 100000);
INSERT dbo.Stock (StockId, PartId, StoreId, Quantity) VALUES (555, 117, 6, 100000);
INSERT dbo.Stock (StockId, PartId, StoreId, Quantity) VALUES (556, 117, 7, 100000);
INSERT dbo.Stock (StockId, PartId, StoreId, Quantity) VALUES (557, 117, 8, 100000);
INSERT dbo.Stock (StockId, PartId, StoreId, Quantity) VALUES (558, 117, 9, 100000);
INSERT dbo.Stock (StockId, PartId, StoreId, Quantity) VALUES (559, 117, 10, 100000);
INSERT dbo.Stock (StockId, PartId, StoreId, Quantity) VALUES (560, 118, 1, 100000);
INSERT dbo.Stock (StockId, PartId, StoreId, Quantity) VALUES (561, 118, 2, 100000);
INSERT dbo.Stock (StockId, PartId, StoreId, Quantity) VALUES (562, 118, 3, 100000);
INSERT dbo.Stock (StockId, PartId, StoreId, Quantity) VALUES (563, 118, 4, 100000);
INSERT dbo.Stock (StockId, PartId, StoreId, Quantity) VALUES (564, 118, 5, 100000);
INSERT dbo.Stock (StockId, PartId, StoreId, Quantity) VALUES (565, 118, 6, 100000);
INSERT dbo.Stock (StockId, PartId, StoreId, Quantity) VALUES (566, 118, 7, 100000);
INSERT dbo.Stock (StockId, PartId, StoreId, Quantity) VALUES (567, 118, 8, 100000);
INSERT dbo.Stock (StockId, PartId, StoreId, Quantity) VALUES (568, 118, 9, 100000);
INSERT dbo.Stock (StockId, PartId, StoreId, Quantity) VALUES (569, 118, 10, 100000);
INSERT dbo.Stock (StockId, PartId, StoreId, Quantity) VALUES (570, 119, 1, 100000);
INSERT dbo.Stock (StockId, PartId, StoreId, Quantity) VALUES (571, 119, 2, 100000);
INSERT dbo.Stock (StockId, PartId, StoreId, Quantity) VALUES (572, 119, 3, 100000);
INSERT dbo.Stock (StockId, PartId, StoreId, Quantity) VALUES (573, 119, 4, 100000);
INSERT dbo.Stock (StockId, PartId, StoreId, Quantity) VALUES (574, 119, 5, 100000);
INSERT dbo.Stock (StockId, PartId, StoreId, Quantity) VALUES (575, 119, 6, 100000);
INSERT dbo.Stock (StockId, PartId, StoreId, Quantity) VALUES (576, 119, 7, 100000);
INSERT dbo.Stock (StockId, PartId, StoreId, Quantity) VALUES (577, 119, 8, 100000);
INSERT dbo.Stock (StockId, PartId, StoreId, Quantity) VALUES (578, 119, 9, 100000);
INSERT dbo.Stock (StockId, PartId, StoreId, Quantity) VALUES (579, 119, 10, 100000);
INSERT dbo.Stock (StockId, PartId, StoreId, Quantity) VALUES (580, 120, 1, 100000);
INSERT dbo.Stock (StockId, PartId, StoreId, Quantity) VALUES (581, 120, 2, 100000);
INSERT dbo.Stock (StockId, PartId, StoreId, Quantity) VALUES (582, 120, 3, 100000);
INSERT dbo.Stock (StockId, PartId, StoreId, Quantity) VALUES (583, 120, 4, 100000);
INSERT dbo.Stock (StockId, PartId, StoreId, Quantity) VALUES (584, 120, 5, 100000);
INSERT dbo.Stock (StockId, PartId, StoreId, Quantity) VALUES (585, 120, 6, 100000);
INSERT dbo.Stock (StockId, PartId, StoreId, Quantity) VALUES (586, 120, 7, 100000);
INSERT dbo.Stock (StockId, PartId, StoreId, Quantity) VALUES (587, 120, 8, 100000);
INSERT dbo.Stock (StockId, PartId, StoreId, Quantity) VALUES (588, 120, 9, 100000);
INSERT dbo.Stock (StockId, PartId, StoreId, Quantity) VALUES (589, 120, 10, 100000);
INSERT dbo.Stock (StockId, PartId, StoreId, Quantity) VALUES (590, 121, 1, 100000);
INSERT dbo.Stock (StockId, PartId, StoreId, Quantity) VALUES (591, 121, 2, 100000);
INSERT dbo.Stock (StockId, PartId, StoreId, Quantity) VALUES (592, 121, 3, 100000);
INSERT dbo.Stock (StockId, PartId, StoreId, Quantity) VALUES (593, 121, 4, 100000);
INSERT dbo.Stock (StockId, PartId, StoreId, Quantity) VALUES (594, 121, 5, 100000);
INSERT dbo.Stock (StockId, PartId, StoreId, Quantity) VALUES (595, 121, 6, 100000);
INSERT dbo.Stock (StockId, PartId, StoreId, Quantity) VALUES (596, 121, 7, 100000);
INSERT dbo.Stock (StockId, PartId, StoreId, Quantity) VALUES (597, 121, 8, 100000);
INSERT dbo.Stock (StockId, PartId, StoreId, Quantity) VALUES (598, 121, 9, 100000);
INSERT dbo.Stock (StockId, PartId, StoreId, Quantity) VALUES (599, 121, 10, 100000);
INSERT dbo.Stock (StockId, PartId, StoreId, Quantity) VALUES (600, 122, 1, 100000);
INSERT dbo.Stock (StockId, PartId, StoreId, Quantity) VALUES (601, 122, 2, 100000);
INSERT dbo.Stock (StockId, PartId, StoreId, Quantity) VALUES (602, 122, 3, 100000);
INSERT dbo.Stock (StockId, PartId, StoreId, Quantity) VALUES (603, 122, 4, 100000);
INSERT dbo.Stock (StockId, PartId, StoreId, Quantity) VALUES (604, 122, 5, 100000);
INSERT dbo.Stock (StockId, PartId, StoreId, Quantity) VALUES (605, 122, 6, 100000);
INSERT dbo.Stock (StockId, PartId, StoreId, Quantity) VALUES (606, 122, 7, 100000);
INSERT dbo.Stock (StockId, PartId, StoreId, Quantity) VALUES (607, 122, 8, 100000);
INSERT dbo.Stock (StockId, PartId, StoreId, Quantity) VALUES (608, 122, 9, 100000);
INSERT dbo.Stock (StockId, PartId, StoreId, Quantity) VALUES (609, 122, 10, 100000);
INSERT dbo.Stock (StockId, PartId, StoreId, Quantity) VALUES (610, 123, 1, 100000);
INSERT dbo.Stock (StockId, PartId, StoreId, Quantity) VALUES (611, 123, 2, 100000);
INSERT dbo.Stock (StockId, PartId, StoreId, Quantity) VALUES (612, 123, 3, 100000);
INSERT dbo.Stock (StockId, PartId, StoreId, Quantity) VALUES (613, 123, 4, 100000);
INSERT dbo.Stock (StockId, PartId, StoreId, Quantity) VALUES (614, 123, 5, 100000);
INSERT dbo.Stock (StockId, PartId, StoreId, Quantity) VALUES (615, 123, 6, 100000);
INSERT dbo.Stock (StockId, PartId, StoreId, Quantity) VALUES (616, 123, 7, 100000);
INSERT dbo.Stock (StockId, PartId, StoreId, Quantity) VALUES (617, 123, 8, 100000);
INSERT dbo.Stock (StockId, PartId, StoreId, Quantity) VALUES (618, 123, 9, 100000);
INSERT dbo.Stock (StockId, PartId, StoreId, Quantity) VALUES (619, 123, 10, 100000);
INSERT dbo.Stock (StockId, PartId, StoreId, Quantity) VALUES (620, 124, 1, 100000);
INSERT dbo.Stock (StockId, PartId, StoreId, Quantity) VALUES (621, 124, 2, 100000);
INSERT dbo.Stock (StockId, PartId, StoreId, Quantity) VALUES (622, 124, 3, 100000);
INSERT dbo.Stock (StockId, PartId, StoreId, Quantity) VALUES (623, 124, 4, 100000);
INSERT dbo.Stock (StockId, PartId, StoreId, Quantity) VALUES (624, 124, 5, 100000);
INSERT dbo.Stock (StockId, PartId, StoreId, Quantity) VALUES (625, 124, 6, 100000);
INSERT dbo.Stock (StockId, PartId, StoreId, Quantity) VALUES (626, 124, 7, 100000);
INSERT dbo.Stock (StockId, PartId, StoreId, Quantity) VALUES (627, 124, 8, 100000);
INSERT dbo.Stock (StockId, PartId, StoreId, Quantity) VALUES (628, 124, 9, 100000);
INSERT dbo.Stock (StockId, PartId, StoreId, Quantity) VALUES (629, 124, 10, 100000);
INSERT dbo.Stock (StockId, PartId, StoreId, Quantity) VALUES (630, 200, 1, 100000);
INSERT dbo.Stock (StockId, PartId, StoreId, Quantity) VALUES (631, 200, 2, 100000);
INSERT dbo.Stock (StockId, PartId, StoreId, Quantity) VALUES (632, 200, 3, 100000);
INSERT dbo.Stock (StockId, PartId, StoreId, Quantity) VALUES (633, 200, 4, 100000);
INSERT dbo.Stock (StockId, PartId, StoreId, Quantity) VALUES (634, 200, 5, 100000);
INSERT dbo.Stock (StockId, PartId, StoreId, Quantity) VALUES (635, 200, 6, 100000);
INSERT dbo.Stock (StockId, PartId, StoreId, Quantity) VALUES (636, 200, 7, 100000);
INSERT dbo.Stock (StockId, PartId, StoreId, Quantity) VALUES (637, 200, 8, 100000);
INSERT dbo.Stock (StockId, PartId, StoreId, Quantity) VALUES (638, 200, 9, 100000);
INSERT dbo.Stock (StockId, PartId, StoreId, Quantity) VALUES (639, 200, 10, 100000);
INSERT dbo.Stock (StockId, PartId, StoreId, Quantity) VALUES (640, 201, 1, 100000);
INSERT dbo.Stock (StockId, PartId, StoreId, Quantity) VALUES (641, 201, 2, 100000);
INSERT dbo.Stock (StockId, PartId, StoreId, Quantity) VALUES (642, 201, 3, 100000);
INSERT dbo.Stock (StockId, PartId, StoreId, Quantity) VALUES (643, 201, 4, 100000);
INSERT dbo.Stock (StockId, PartId, StoreId, Quantity) VALUES (644, 201, 5, 100000);
INSERT dbo.Stock (StockId, PartId, StoreId, Quantity) VALUES (645, 201, 6, 100000);
INSERT dbo.Stock (StockId, PartId, StoreId, Quantity) VALUES (646, 201, 7, 100000);
INSERT dbo.Stock (StockId, PartId, StoreId, Quantity) VALUES (647, 201, 8, 100000);
INSERT dbo.Stock (StockId, PartId, StoreId, Quantity) VALUES (648, 201, 9, 100000);
INSERT dbo.Stock (StockId, PartId, StoreId, Quantity) VALUES (649, 201, 10, 100000);
INSERT dbo.Stock (StockId, PartId, StoreId, Quantity) VALUES (650, 202, 1, 100000);
INSERT dbo.Stock (StockId, PartId, StoreId, Quantity) VALUES (651, 202, 2, 100000);
INSERT dbo.Stock (StockId, PartId, StoreId, Quantity) VALUES (652, 202, 3, 100000);
INSERT dbo.Stock (StockId, PartId, StoreId, Quantity) VALUES (653, 202, 4, 100000);
INSERT dbo.Stock (StockId, PartId, StoreId, Quantity) VALUES (654, 202, 5, 100000);
INSERT dbo.Stock (StockId, PartId, StoreId, Quantity) VALUES (655, 202, 6, 100000);
INSERT dbo.Stock (StockId, PartId, StoreId, Quantity) VALUES (656, 202, 7, 100000);
INSERT dbo.Stock (StockId, PartId, StoreId, Quantity) VALUES (657, 202, 8, 100000);
INSERT dbo.Stock (StockId, PartId, StoreId, Quantity) VALUES (658, 202, 9, 100000);
INSERT dbo.Stock (StockId, PartId, StoreId, Quantity) VALUES (659, 202, 10, 100000);
INSERT dbo.Stock (StockId, PartId, StoreId, Quantity) VALUES (660, 203, 1, 100000);
INSERT dbo.Stock (StockId, PartId, StoreId, Quantity) VALUES (661, 203, 2, 100000);
INSERT dbo.Stock (StockId, PartId, StoreId, Quantity) VALUES (662, 203, 3, 100000);
INSERT dbo.Stock (StockId, PartId, StoreId, Quantity) VALUES (663, 203, 4, 100000);
INSERT dbo.Stock (StockId, PartId, StoreId, Quantity) VALUES (664, 203, 5, 100000);
INSERT dbo.Stock (StockId, PartId, StoreId, Quantity) VALUES (665, 203, 6, 100000);
INSERT dbo.Stock (StockId, PartId, StoreId, Quantity) VALUES (666, 203, 7, 100000);
INSERT dbo.Stock (StockId, PartId, StoreId, Quantity) VALUES (667, 203, 8, 100000);
INSERT dbo.Stock (StockId, PartId, StoreId, Quantity) VALUES (668, 203, 9, 100000);
INSERT dbo.Stock (StockId, PartId, StoreId, Quantity) VALUES (669, 203, 10, 100000);
INSERT dbo.Stock (StockId, PartId, StoreId, Quantity) VALUES (670, 204, 1, 100000);
INSERT dbo.Stock (StockId, PartId, StoreId, Quantity) VALUES (671, 204, 2, 100000);
INSERT dbo.Stock (StockId, PartId, StoreId, Quantity) VALUES (672, 204, 3, 100000);
INSERT dbo.Stock (StockId, PartId, StoreId, Quantity) VALUES (673, 204, 4, 100000);
INSERT dbo.Stock (StockId, PartId, StoreId, Quantity) VALUES (674, 204, 5, 100000);
INSERT dbo.Stock (StockId, PartId, StoreId, Quantity) VALUES (675, 204, 6, 100000);
INSERT dbo.Stock (StockId, PartId, StoreId, Quantity) VALUES (676, 204, 7, 100000);
INSERT dbo.Stock (StockId, PartId, StoreId, Quantity) VALUES (677, 204, 8, 100000);
INSERT dbo.Stock (StockId, PartId, StoreId, Quantity) VALUES (678, 204, 9, 100000);
INSERT dbo.Stock (StockId, PartId, StoreId, Quantity) VALUES (679, 204, 10, 100000);
INSERT dbo.Stock (StockId, PartId, StoreId, Quantity) VALUES (680, 205, 1, 100000);
INSERT dbo.Stock (StockId, PartId, StoreId, Quantity) VALUES (681, 205, 2, 100000);
INSERT dbo.Stock (StockId, PartId, StoreId, Quantity) VALUES (682, 205, 3, 100000);
INSERT dbo.Stock (StockId, PartId, StoreId, Quantity) VALUES (683, 205, 4, 100000);
INSERT dbo.Stock (StockId, PartId, StoreId, Quantity) VALUES (684, 205, 5, 100000);
INSERT dbo.Stock (StockId, PartId, StoreId, Quantity) VALUES (685, 205, 6, 100000);
INSERT dbo.Stock (StockId, PartId, StoreId, Quantity) VALUES (686, 205, 7, 100000);
INSERT dbo.Stock (StockId, PartId, StoreId, Quantity) VALUES (687, 205, 8, 100000);
INSERT dbo.Stock (StockId, PartId, StoreId, Quantity) VALUES (688, 205, 9, 100000);
INSERT dbo.Stock (StockId, PartId, StoreId, Quantity) VALUES (689, 205, 10, 100000);
INSERT dbo.Stock (StockId, PartId, StoreId, Quantity) VALUES (690, 206, 1, 100000);
INSERT dbo.Stock (StockId, PartId, StoreId, Quantity) VALUES (691, 206, 2, 100000);
INSERT dbo.Stock (StockId, PartId, StoreId, Quantity) VALUES (692, 206, 3, 100000);
INSERT dbo.Stock (StockId, PartId, StoreId, Quantity) VALUES (693, 206, 4, 100000);
INSERT dbo.Stock (StockId, PartId, StoreId, Quantity) VALUES (694, 206, 5, 100000);
INSERT dbo.Stock (StockId, PartId, StoreId, Quantity) VALUES (695, 206, 6, 100000);
INSERT dbo.Stock (StockId, PartId, StoreId, Quantity) VALUES (696, 206, 7, 100000);
INSERT dbo.Stock (StockId, PartId, StoreId, Quantity) VALUES (697, 206, 8, 100000);
INSERT dbo.Stock (StockId, PartId, StoreId, Quantity) VALUES (698, 206, 9, 100000);
INSERT dbo.Stock (StockId, PartId, StoreId, Quantity) VALUES (699, 206, 10, 100000);
INSERT dbo.Stock (StockId, PartId, StoreId, Quantity) VALUES (700, 207, 1, 100000);
INSERT dbo.Stock (StockId, PartId, StoreId, Quantity) VALUES (701, 207, 2, 100000);
INSERT dbo.Stock (StockId, PartId, StoreId, Quantity) VALUES (702, 207, 3, 100000);
INSERT dbo.Stock (StockId, PartId, StoreId, Quantity) VALUES (703, 207, 4, 100000);
INSERT dbo.Stock (StockId, PartId, StoreId, Quantity) VALUES (704, 207, 5, 100000);
INSERT dbo.Stock (StockId, PartId, StoreId, Quantity) VALUES (705, 207, 6, 100000);
INSERT dbo.Stock (StockId, PartId, StoreId, Quantity) VALUES (706, 207, 7, 100000);
INSERT dbo.Stock (StockId, PartId, StoreId, Quantity) VALUES (707, 207, 8, 100000);
INSERT dbo.Stock (StockId, PartId, StoreId, Quantity) VALUES (708, 207, 9, 100000);
INSERT dbo.Stock (StockId, PartId, StoreId, Quantity) VALUES (709, 207, 10, 100000);
INSERT dbo.Stock (StockId, PartId, StoreId, Quantity) VALUES (710, 208, 1, 100000);
INSERT dbo.Stock (StockId, PartId, StoreId, Quantity) VALUES (711, 208, 2, 100000);
INSERT dbo.Stock (StockId, PartId, StoreId, Quantity) VALUES (712, 208, 3, 100000);
INSERT dbo.Stock (StockId, PartId, StoreId, Quantity) VALUES (713, 208, 4, 100000);
INSERT dbo.Stock (StockId, PartId, StoreId, Quantity) VALUES (714, 208, 5, 100000);
INSERT dbo.Stock (StockId, PartId, StoreId, Quantity) VALUES (715, 208, 6, 100000);
INSERT dbo.Stock (StockId, PartId, StoreId, Quantity) VALUES (716, 208, 7, 100000);
INSERT dbo.Stock (StockId, PartId, StoreId, Quantity) VALUES (717, 208, 8, 100000);
INSERT dbo.Stock (StockId, PartId, StoreId, Quantity) VALUES (718, 208, 9, 100000);
INSERT dbo.Stock (StockId, PartId, StoreId, Quantity) VALUES (719, 208, 10, 100000);
INSERT dbo.Stock (StockId, PartId, StoreId, Quantity) VALUES (720, 209, 1, 100000);
INSERT dbo.Stock (StockId, PartId, StoreId, Quantity) VALUES (721, 209, 2, 100000);
INSERT dbo.Stock (StockId, PartId, StoreId, Quantity) VALUES (722, 209, 3, 100000);
INSERT dbo.Stock (StockId, PartId, StoreId, Quantity) VALUES (723, 209, 4, 100000);
INSERT dbo.Stock (StockId, PartId, StoreId, Quantity) VALUES (724, 209, 5, 100000);
INSERT dbo.Stock (StockId, PartId, StoreId, Quantity) VALUES (725, 209, 6, 100000);
INSERT dbo.Stock (StockId, PartId, StoreId, Quantity) VALUES (726, 209, 7, 100000);
INSERT dbo.Stock (StockId, PartId, StoreId, Quantity) VALUES (727, 209, 8, 100000);
INSERT dbo.Stock (StockId, PartId, StoreId, Quantity) VALUES (728, 209, 9, 100000);
INSERT dbo.Stock (StockId, PartId, StoreId, Quantity) VALUES (729, 209, 10, 100000);
SET IDENTITY_INSERT dbo.Stock OFF;


SET IDENTITY_INSERT dbo.Orders ON;
INSERT dbo.Orders (OrderID, CustomerID, StoreID, OrderDate)
    VALUES (100,3, 4, '2020-4-4');
INSERT dbo.Orders (OrderID, CustomerID, StoreID, OrderDate)
    VALUES (101,6, 5, '2020-7-18');
INSERT dbo.Orders (OrderID, CustomerID, StoreID, OrderDate)
    VALUES (102,6, 10, '2020-6-11');
INSERT dbo.Orders (OrderID, CustomerID, StoreID, OrderDate)
    VALUES (103,3, 6, '2020-7-7');
INSERT dbo.Orders (OrderID, CustomerID, StoreID, OrderDate)
    VALUES (104,5, 10, '2020-8-12');
INSERT dbo.Orders (OrderID, CustomerID, StoreID, OrderDate)
    VALUES (105,4, 2, '2020-6-1');
INSERT dbo.Orders (OrderID, CustomerID, StoreID, OrderDate)
    VALUES (106,5, 8, '2020-7-19');
INSERT dbo.Orders (OrderID, CustomerID, StoreID, OrderDate)
    VALUES (107,5, 4, '2020-7-22');
INSERT dbo.Orders (OrderID, CustomerID, StoreID, OrderDate)
    VALUES (108,5, 5, '2020-6-11');
INSERT dbo.Orders (OrderID, CustomerID, StoreID, OrderDate)
    VALUES (109,6, 10, '2020-7-13');
INSERT dbo.Orders (OrderID, CustomerID, StoreID, OrderDate)
    VALUES (110,1, 10, '2020-4-28');
INSERT dbo.Orders (OrderID, CustomerID, StoreID, OrderDate)
    VALUES (111,6, 1, '2020-6-29');
INSERT dbo.Orders (OrderID, CustomerID, StoreID, OrderDate)
    VALUES (112,3, 3, '2020-3-21');
INSERT dbo.Orders (OrderID, CustomerID, StoreID, OrderDate)
    VALUES (113,2, 8, '2020-3-15');
INSERT dbo.Orders (OrderID, CustomerID, StoreID, OrderDate)
    VALUES (114,5, 5, '2020-3-20');
INSERT dbo.Orders (OrderID, CustomerID, StoreID, OrderDate)
    VALUES (115,6, 9, '2020-4-20');
INSERT dbo.Orders (OrderID, CustomerID, StoreID, OrderDate)
    VALUES (116,6, 8, '2020-7-3');
INSERT dbo.Orders (OrderID, CustomerID, StoreID, OrderDate)
    VALUES (117,6, 5, '2020-6-2');
INSERT dbo.Orders (OrderID, CustomerID, StoreID, OrderDate)
    VALUES (118,4, 6, '2020-4-9');
INSERT dbo.Orders (OrderID, CustomerID, StoreID, OrderDate)
    VALUES (119,4, 9, '2020-4-3');
INSERT dbo.Orders (OrderID, CustomerID, StoreID, OrderDate)
    VALUES (120,3, 7, '2020-3-1');
INSERT dbo.Orders (OrderID, CustomerID, StoreID, OrderDate)
    VALUES (121,1, 4, '2020-3-10');
INSERT dbo.Orders (OrderID, CustomerID, StoreID, OrderDate)
    VALUES (122,2, 2, '2020-3-24');
INSERT dbo.Orders (OrderID, CustomerID, StoreID, OrderDate)
    VALUES (123,5, 1, '2020-8-8');
INSERT dbo.Orders (OrderID, CustomerID, StoreID, OrderDate)
    VALUES (124,3, 5, '2020-5-4');
INSERT dbo.Orders (OrderID, CustomerID, StoreID, OrderDate)
    VALUES (125,3, 10, '2020-6-8');
INSERT dbo.Orders (OrderID, CustomerID, StoreID, OrderDate)
    VALUES (126,6, 9, '2020-4-25');
INSERT dbo.Orders (OrderID, CustomerID, StoreID, OrderDate)
    VALUES (127,3, 6, '2020-3-24');
INSERT dbo.Orders (OrderID, CustomerID, StoreID, OrderDate)
    VALUES (128,1, 2, '2020-5-8');
INSERT dbo.Orders (OrderID, CustomerID, StoreID, OrderDate)
    VALUES (129,6, 1, '2020-6-29');
INSERT dbo.Orders (OrderID, CustomerID, StoreID, OrderDate)
    VALUES (130,6, 1, '2020-7-14');
INSERT dbo.Orders (OrderID, CustomerID, StoreID, OrderDate)
    VALUES (131,6, 10, '2020-5-14');
INSERT dbo.Orders (OrderID, CustomerID, StoreID, OrderDate)
    VALUES (132,1, 3, '2020-5-24');
INSERT dbo.Orders (OrderID, CustomerID, StoreID, OrderDate)
    VALUES (133,4, 4, '2020-3-9');
INSERT dbo.Orders (OrderID, CustomerID, StoreID, OrderDate)
    VALUES (134,4, 2, '2020-5-22');
INSERT dbo.Orders (OrderID, CustomerID, StoreID, OrderDate)
    VALUES (135,1, 6, '2020-7-14');
INSERT dbo.Orders (OrderID, CustomerID, StoreID, OrderDate)
    VALUES (136,2, 10, '2020-4-8');
INSERT dbo.Orders (OrderID, CustomerID, StoreID, OrderDate)
    VALUES (137,1, 1, '2020-3-10');
INSERT dbo.Orders (OrderID, CustomerID, StoreID, OrderDate)
    VALUES (138,1, 5, '2020-6-20');
INSERT dbo.Orders (OrderID, CustomerID, StoreID, OrderDate)
    VALUES (139,4, 9, '2020-4-27');
INSERT dbo.Orders (OrderID, CustomerID, StoreID, OrderDate)
    VALUES (140,2, 5, '2020-5-1');
INSERT dbo.Orders (OrderID, CustomerID, StoreID, OrderDate)
    VALUES (141,2, 6, '2020-3-1');
INSERT dbo.Orders (OrderID, CustomerID, StoreID, OrderDate)
    VALUES (142,1, 2, '2020-4-3');
INSERT dbo.Orders (OrderID, CustomerID, StoreID, OrderDate)
    VALUES (143,2, 9, '2020-7-12');
INSERT dbo.Orders (OrderID, CustomerID, StoreID, OrderDate)
    VALUES (144,5, 9, '2020-6-28');
INSERT dbo.Orders (OrderID, CustomerID, StoreID, OrderDate)
    VALUES (145,5, 6, '2020-5-10');
INSERT dbo.Orders (OrderID, CustomerID, StoreID, OrderDate)
    VALUES (146,6, 3, '2020-7-24');
INSERT dbo.Orders (OrderID, CustomerID, StoreID, OrderDate)
    VALUES (147,1, 9, '2020-6-28');
INSERT dbo.Orders (OrderID, CustomerID, StoreID, OrderDate)
    VALUES (148,5, 1, '2020-7-8');
INSERT dbo.Orders (OrderID, CustomerID, StoreID, OrderDate)
    VALUES (149,4, 2, '2020-4-19');
INSERT dbo.Orders (OrderID, CustomerID, StoreID, OrderDate)
    VALUES (150,3, 6, '2020-5-16');
INSERT dbo.Orders (OrderID, CustomerID, StoreID, OrderDate)
    VALUES (151,5, 9, '2020-6-1');
INSERT dbo.Orders (OrderID, CustomerID, StoreID, OrderDate)
    VALUES (152,5, 10, '2020-6-25');
INSERT dbo.Orders (OrderID, CustomerID, StoreID, OrderDate)
    VALUES (153,6, 8, '2020-6-17');
INSERT dbo.Orders (OrderID, CustomerID, StoreID, OrderDate)
    VALUES (154,6, 4, '2020-4-8');
INSERT dbo.Orders (OrderID, CustomerID, StoreID, OrderDate)
    VALUES (155,5, 8, '2020-6-7');
INSERT dbo.Orders (OrderID, CustomerID, StoreID, OrderDate)
    VALUES (156,4, 10, '2020-8-5');
INSERT dbo.Orders (OrderID, CustomerID, StoreID, OrderDate)
    VALUES (157,6, 4, '2020-4-20');
INSERT dbo.Orders (OrderID, CustomerID, StoreID, OrderDate)
    VALUES (158,2, 3, '2020-3-26');
INSERT dbo.Orders (OrderID, CustomerID, StoreID, OrderDate)
    VALUES (159,1, 2, '2020-7-22');
INSERT dbo.Orders (OrderID, CustomerID, StoreID, OrderDate)
    VALUES (160,6, 3, '2020-6-11');
INSERT dbo.Orders (OrderID, CustomerID, StoreID, OrderDate)
    VALUES (161,2, 2, '2020-5-8');
INSERT dbo.Orders (OrderID, CustomerID, StoreID, OrderDate)
    VALUES (162,2, 10, '2020-3-4');
INSERT dbo.Orders (OrderID, CustomerID, StoreID, OrderDate)
    VALUES (163,3, 10, '2020-5-2');
INSERT dbo.Orders (OrderID, CustomerID, StoreID, OrderDate)
    VALUES (164,5, 6, '2020-7-27');
INSERT dbo.Orders (OrderID, CustomerID, StoreID, OrderDate)
    VALUES (165,6, 7, '2020-4-25');
INSERT dbo.Orders (OrderID, CustomerID, StoreID, OrderDate)
    VALUES (166,1, 4, '2020-6-25');
INSERT dbo.Orders (OrderID, CustomerID, StoreID, OrderDate)
    VALUES (167,6, 4, '2020-4-10');
INSERT dbo.Orders (OrderID, CustomerID, StoreID, OrderDate)
    VALUES (168,6, 3, '2020-4-8');
INSERT dbo.Orders (OrderID, CustomerID, StoreID, OrderDate)
    VALUES (169,3, 6, '2020-3-25');
INSERT dbo.Orders (OrderID, CustomerID, StoreID, OrderDate)
    VALUES (170,3, 1, '2020-6-28');
INSERT dbo.Orders (OrderID, CustomerID, StoreID, OrderDate)
    VALUES (171,5, 4, '2020-3-13');
INSERT dbo.Orders (OrderID, CustomerID, StoreID, OrderDate)
    VALUES (172,5, 4, '2020-6-29');
INSERT dbo.Orders (OrderID, CustomerID, StoreID, OrderDate)
    VALUES (173,1, 9, '2020-6-1');
INSERT dbo.Orders (OrderID, CustomerID, StoreID, OrderDate)
    VALUES (174,6, 1, '2020-7-7');
INSERT dbo.Orders (OrderID, CustomerID, StoreID, OrderDate)
    VALUES (175,5, 4, '2020-4-20');
INSERT dbo.Orders (OrderID, CustomerID, StoreID, OrderDate)
    VALUES (176,4, 5, '2020-6-12');
INSERT dbo.Orders (OrderID, CustomerID, StoreID, OrderDate)
    VALUES (177,1, 2, '2020-6-12');
INSERT dbo.Orders (OrderID, CustomerID, StoreID, OrderDate)
    VALUES (178,3, 10, '2020-6-4');
INSERT dbo.Orders (OrderID, CustomerID, StoreID, OrderDate)
    VALUES (179,4, 3, '2020-6-23');
INSERT dbo.Orders (OrderID, CustomerID, StoreID, OrderDate)
    VALUES (180,3, 1, '2020-6-21');
INSERT dbo.Orders (OrderID, CustomerID, StoreID, OrderDate)
    VALUES (181,1, 10, '2020-7-19');
INSERT dbo.Orders (OrderID, CustomerID, StoreID, OrderDate)
    VALUES (182,6, 5, '2020-8-12');
INSERT dbo.Orders (OrderID, CustomerID, StoreID, OrderDate)
    VALUES (183,3, 2, '2020-6-30');
INSERT dbo.Orders (OrderID, CustomerID, StoreID, OrderDate)
    VALUES (184,4, 1, '2020-8-2');
INSERT dbo.Orders (OrderID, CustomerID, StoreID, OrderDate)
    VALUES (185,1, 6, '2020-4-29');
INSERT dbo.Orders (OrderID, CustomerID, StoreID, OrderDate)
    VALUES (186,3, 1, '2020-4-5');
INSERT dbo.Orders (OrderID, CustomerID, StoreID, OrderDate)
    VALUES (187,1, 1, '2020-4-12');
INSERT dbo.Orders (OrderID, CustomerID, StoreID, OrderDate)
    VALUES (188,6, 6, '2020-5-23');
INSERT dbo.Orders (OrderID, CustomerID, StoreID, OrderDate)
    VALUES (189,6, 3, '2020-4-23');
INSERT dbo.Orders (OrderID, CustomerID, StoreID, OrderDate)
    VALUES (190,4, 7, '2020-4-26');
INSERT dbo.Orders (OrderID, CustomerID, StoreID, OrderDate)
    VALUES (191,3, 3, '2020-6-20');
INSERT dbo.Orders (OrderID, CustomerID, StoreID, OrderDate)
    VALUES (192,3, 4, '2020-7-10');
INSERT dbo.Orders (OrderID, CustomerID, StoreID, OrderDate)
    VALUES (193,4, 5, '2020-5-16');
INSERT dbo.Orders (OrderID, CustomerID, StoreID, OrderDate)
    VALUES (194,3, 10, '2020-7-12');
INSERT dbo.Orders (OrderID, CustomerID, StoreID, OrderDate)
    VALUES (195,3, 8, '2020-3-24');
INSERT dbo.Orders (OrderID, CustomerID, StoreID, OrderDate)
    VALUES (196,1, 3, '2020-5-14');
INSERT dbo.Orders (OrderID, CustomerID, StoreID, OrderDate)
    VALUES (197,1, 4, '2020-7-18');
INSERT dbo.Orders (OrderID, CustomerID, StoreID, OrderDate)
    VALUES (198,1, 10, '2020-5-27');
INSERT dbo.Orders (OrderID, CustomerID, StoreID, OrderDate)
    VALUES (199,1, 8, '2020-4-15');
SET IDENTITY_INSERT dbo.Orders OFF;

--(xx,orderID, partID, quantity)
SET IDENTITY_INSERT dbo.OrderPart ON;
INSERT dbo.OrderPart (OrderPartID, OrderID, PartID, Quantity)
      VALUES(100, 100, 104, 2);
INSERT dbo.OrderPart (OrderPartID, OrderID, PartID, Quantity)
      VALUES(101, 100, 111, 1);
INSERT dbo.OrderPart (OrderPartID, OrderID, PartID, Quantity)
      VALUES(102, 100, 7, 2);
INSERT dbo.OrderPart (OrderPartID, OrderID, PartID, Quantity)
      VALUES(103, 101, 202, 2);
INSERT dbo.OrderPart (OrderPartID, OrderID, PartID, Quantity)
      VALUES(104, 101, 208, 5);
INSERT dbo.OrderPart (OrderPartID, OrderID, PartID, Quantity)
      VALUES(105, 101, 119, 1);
INSERT dbo.OrderPart (OrderPartID, OrderID, PartID, Quantity)
      VALUES(106, 102, 3, 2);
INSERT dbo.OrderPart (OrderPartID, OrderID, PartID, Quantity)
      VALUES(107, 102, 9, 1);
INSERT dbo.OrderPart (OrderPartID, OrderID, PartID, Quantity)
      VALUES(108, 102, 2, 2);
INSERT dbo.OrderPart (OrderPartID, OrderID, PartID, Quantity)
      VALUES(109, 103, 105, 2);
INSERT dbo.OrderPart (OrderPartID, OrderID, PartID, Quantity)
      VALUES(110, 103, 205, 3);
INSERT dbo.OrderPart (OrderPartID, OrderID, PartID, Quantity)
      VALUES(111, 103, 105, 2);
INSERT dbo.OrderPart (OrderPartID, OrderID, PartID, Quantity)
      VALUES(112, 103, 25, 5);
INSERT dbo.OrderPart (OrderPartID, OrderID, PartID, Quantity)
      VALUES(113, 104, 119, 5);
INSERT dbo.OrderPart (OrderPartID, OrderID, PartID, Quantity)
      VALUES(114, 105, 29, 3);
INSERT dbo.OrderPart (OrderPartID, OrderID, PartID, Quantity)
      VALUES(115, 105, 11, 2);
INSERT dbo.OrderPart (OrderPartID, OrderID, PartID, Quantity)
      VALUES(116, 105, 11, 2);
INSERT dbo.OrderPart (OrderPartID, OrderID, PartID, Quantity)
      VALUES(117, 105, 10, 1);
INSERT dbo.OrderPart (OrderPartID, OrderID, PartID, Quantity)
      VALUES(118, 106, 21, 2);
INSERT dbo.OrderPart (OrderPartID, OrderID, PartID, Quantity)
      VALUES(119, 106, 26, 1);
INSERT dbo.OrderPart (OrderPartID, OrderID, PartID, Quantity)
      VALUES(120, 106, 107, 2);
INSERT dbo.OrderPart (OrderPartID, OrderID, PartID, Quantity)
      VALUES(121, 107, 13, 1);
INSERT dbo.OrderPart (OrderPartID, OrderID, PartID, Quantity)
      VALUES(122, 107, 115, 1);
INSERT dbo.OrderPart (OrderPartID, OrderID, PartID, Quantity)
      VALUES(123, 107, 30, 1);
INSERT dbo.OrderPart (OrderPartID, OrderID, PartID, Quantity)
      VALUES(124, 108, 29, 1);
INSERT dbo.OrderPart (OrderPartID, OrderID, PartID, Quantity)
      VALUES(125, 108, 200, 5);
INSERT dbo.OrderPart (OrderPartID, OrderID, PartID, Quantity)
      VALUES(126, 108, 111, 2);
INSERT dbo.OrderPart (OrderPartID, OrderID, PartID, Quantity)
      VALUES(127, 108, 1, 5);
INSERT dbo.OrderPart (OrderPartID, OrderID, PartID, Quantity)
      VALUES(128, 108, 103, 1);
INSERT dbo.OrderPart (OrderPartID, OrderID, PartID, Quantity)
      VALUES(129, 109, 206, 2);
INSERT dbo.OrderPart (OrderPartID, OrderID, PartID, Quantity)
      VALUES(130, 109, 23, 6);
INSERT dbo.OrderPart (OrderPartID, OrderID, PartID, Quantity)
      VALUES(131, 109, 209, 4);
INSERT dbo.OrderPart (OrderPartID, OrderID, PartID, Quantity)
      VALUES(132, 110, 205, 3);
INSERT dbo.OrderPart (OrderPartID, OrderID, PartID, Quantity)
      VALUES(133, 111, 123, 3);
INSERT dbo.OrderPart (OrderPartID, OrderID, PartID, Quantity)
      VALUES(134, 111, 2, 4);
INSERT dbo.OrderPart (OrderPartID, OrderID, PartID, Quantity)
      VALUES(135, 111, 122, 3);
INSERT dbo.OrderPart (OrderPartID, OrderID, PartID, Quantity)
      VALUES(136, 112, 5, 2);
INSERT dbo.OrderPart (OrderPartID, OrderID, PartID, Quantity)
      VALUES(137, 112, 2, 1);
INSERT dbo.OrderPart (OrderPartID, OrderID, PartID, Quantity)
      VALUES(138, 112, 23, 1);
INSERT dbo.OrderPart (OrderPartID, OrderID, PartID, Quantity)
      VALUES(139, 112, 203, 3);
INSERT dbo.OrderPart (OrderPartID, OrderID, PartID, Quantity)
      VALUES(140, 112, 107, 5);
INSERT dbo.OrderPart (OrderPartID, OrderID, PartID, Quantity)
      VALUES(141, 112, 115, 3);
INSERT dbo.OrderPart (OrderPartID, OrderID, PartID, Quantity)
      VALUES(142, 113, 1, 4);
INSERT dbo.OrderPart (OrderPartID, OrderID, PartID, Quantity)
      VALUES(143, 113, 110, 2);
INSERT dbo.OrderPart (OrderPartID, OrderID, PartID, Quantity)
      VALUES(144, 113, 28, 4);
INSERT dbo.OrderPart (OrderPartID, OrderID, PartID, Quantity)
      VALUES(145, 114, 203, 5);
INSERT dbo.OrderPart (OrderPartID, OrderID, PartID, Quantity)
      VALUES(146, 114, 117, 2);
INSERT dbo.OrderPart (OrderPartID, OrderID, PartID, Quantity)
      VALUES(147, 115, 4, 5);
INSERT dbo.OrderPart (OrderPartID, OrderID, PartID, Quantity)
      VALUES(148, 115, 207, 6);
INSERT dbo.OrderPart (OrderPartID, OrderID, PartID, Quantity)
      VALUES(149, 115, 20, 1);
INSERT dbo.OrderPart (OrderPartID, OrderID, PartID, Quantity)
      VALUES(150, 115, 114, 3);
INSERT dbo.OrderPart (OrderPartID, OrderID, PartID, Quantity)
      VALUES(151, 115, 26, 3);
INSERT dbo.OrderPart (OrderPartID, OrderID, PartID, Quantity)
      VALUES(152, 116, 208, 1);
INSERT dbo.OrderPart (OrderPartID, OrderID, PartID, Quantity)
      VALUES(153, 116, 105, 5);
INSERT dbo.OrderPart (OrderPartID, OrderID, PartID, Quantity)
      VALUES(154, 116, 112, 4);
INSERT dbo.OrderPart (OrderPartID, OrderID, PartID, Quantity)
      VALUES(155, 117, 104, 3);
INSERT dbo.OrderPart (OrderPartID, OrderID, PartID, Quantity)
      VALUES(156, 117, 114, 1);
INSERT dbo.OrderPart (OrderPartID, OrderID, PartID, Quantity)
      VALUES(157, 117, 14, 2);
INSERT dbo.OrderPart (OrderPartID, OrderID, PartID, Quantity)
      VALUES(158, 118, 10, 1);
INSERT dbo.OrderPart (OrderPartID, OrderID, PartID, Quantity)
      VALUES(159, 118, 111, 2);
INSERT dbo.OrderPart (OrderPartID, OrderID, PartID, Quantity)
      VALUES(160, 119, 207, 4);
INSERT dbo.OrderPart (OrderPartID, OrderID, PartID, Quantity)
      VALUES(161, 119, 107, 1);
INSERT dbo.OrderPart (OrderPartID, OrderID, PartID, Quantity)
      VALUES(162, 119, 29, 3);
INSERT dbo.OrderPart (OrderPartID, OrderID, PartID, Quantity)
      VALUES(163, 120, 114, 5);
INSERT dbo.OrderPart (OrderPartID, OrderID, PartID, Quantity)
      VALUES(164, 120, 8, 1);
INSERT dbo.OrderPart (OrderPartID, OrderID, PartID, Quantity)
      VALUES(165, 121, 122, 1);
INSERT dbo.OrderPart (OrderPartID, OrderID, PartID, Quantity)
      VALUES(166, 122, 1, 4);
INSERT dbo.OrderPart (OrderPartID, OrderID, PartID, Quantity)
      VALUES(167, 123, 26, 6);
INSERT dbo.OrderPart (OrderPartID, OrderID, PartID, Quantity)
      VALUES(168, 123, 124, 3);
INSERT dbo.OrderPart (OrderPartID, OrderID, PartID, Quantity)
      VALUES(169, 124, 109, 1);
INSERT dbo.OrderPart (OrderPartID, OrderID, PartID, Quantity)
      VALUES(170, 124, 202, 2);
INSERT dbo.OrderPart (OrderPartID, OrderID, PartID, Quantity)
      VALUES(171, 125, 102, 4);
INSERT dbo.OrderPart (OrderPartID, OrderID, PartID, Quantity)
      VALUES(172, 125, 20, 1);
INSERT dbo.OrderPart (OrderPartID, OrderID, PartID, Quantity)
      VALUES(173, 126, 203, 2);
INSERT dbo.OrderPart (OrderPartID, OrderID, PartID, Quantity)
      VALUES(174, 126, 13, 1);
INSERT dbo.OrderPart (OrderPartID, OrderID, PartID, Quantity)
      VALUES(175, 127, 9, 4);
INSERT dbo.OrderPart (OrderPartID, OrderID, PartID, Quantity)
      VALUES(176, 127, 108, 1);
INSERT dbo.OrderPart (OrderPartID, OrderID, PartID, Quantity)
      VALUES(177, 127, 3, 1);
INSERT dbo.OrderPart (OrderPartID, OrderID, PartID, Quantity)
      VALUES(178, 127, 8, 2);
INSERT dbo.OrderPart (OrderPartID, OrderID, PartID, Quantity)
      VALUES(179, 128, 26, 1);
INSERT dbo.OrderPart (OrderPartID, OrderID, PartID, Quantity)
      VALUES(180, 129, 2, 5);
INSERT dbo.OrderPart (OrderPartID, OrderID, PartID, Quantity)
      VALUES(181, 129, 17, 2);
INSERT dbo.OrderPart (OrderPartID, OrderID, PartID, Quantity)
      VALUES(182, 130, 15, 1);
INSERT dbo.OrderPart (OrderPartID, OrderID, PartID, Quantity)
      VALUES(183, 130, 119, 2);
INSERT dbo.OrderPart (OrderPartID, OrderID, PartID, Quantity)
      VALUES(184, 131, 116, 4);
INSERT dbo.OrderPart (OrderPartID, OrderID, PartID, Quantity)
      VALUES(185, 131, 21, 2);
INSERT dbo.OrderPart (OrderPartID, OrderID, PartID, Quantity)
      VALUES(186, 132, 120, 1);
INSERT dbo.OrderPart (OrderPartID, OrderID, PartID, Quantity)
      VALUES(187, 133, 120, 2);
INSERT dbo.OrderPart (OrderPartID, OrderID, PartID, Quantity)
      VALUES(188, 133, 124, 1);
INSERT dbo.OrderPart (OrderPartID, OrderID, PartID, Quantity)
      VALUES(189, 134, 117, 2);
INSERT dbo.OrderPart (OrderPartID, OrderID, PartID, Quantity)
      VALUES(190, 134, 14, 3);
INSERT dbo.OrderPart (OrderPartID, OrderID, PartID, Quantity)
      VALUES(191, 134, 124, 4);
INSERT dbo.OrderPart (OrderPartID, OrderID, PartID, Quantity)
      VALUES(192, 135, 209, 2);
INSERT dbo.OrderPart (OrderPartID, OrderID, PartID, Quantity)
      VALUES(193, 135, 8, 6);
INSERT dbo.OrderPart (OrderPartID, OrderID, PartID, Quantity)
      VALUES(194, 136, 103, 1);
INSERT dbo.OrderPart (OrderPartID, OrderID, PartID, Quantity)
      VALUES(195, 136, 12, 4);
INSERT dbo.OrderPart (OrderPartID, OrderID, PartID, Quantity)
      VALUES(196, 136, 14, 2);
INSERT dbo.OrderPart (OrderPartID, OrderID, PartID, Quantity)
      VALUES(197, 136, 119, 3);
INSERT dbo.OrderPart (OrderPartID, OrderID, PartID, Quantity)
      VALUES(198, 137, 201, 3);
INSERT dbo.OrderPart (OrderPartID, OrderID, PartID, Quantity)
      VALUES(199, 137, 17, 3);
INSERT dbo.OrderPart (OrderPartID, OrderID, PartID, Quantity)
      VALUES(200, 137, 109, 5);
INSERT dbo.OrderPart (OrderPartID, OrderID, PartID, Quantity)
      VALUES(201, 138, 110, 2);
INSERT dbo.OrderPart (OrderPartID, OrderID, PartID, Quantity)
      VALUES(202, 139, 3, 1);
INSERT dbo.OrderPart (OrderPartID, OrderID, PartID, Quantity)
      VALUES(203, 139, 121, 5);
INSERT dbo.OrderPart (OrderPartID, OrderID, PartID, Quantity)
      VALUES(204, 139, 206, 2);
INSERT dbo.OrderPart (OrderPartID, OrderID, PartID, Quantity)
      VALUES(205, 140, 107, 1);
INSERT dbo.OrderPart (OrderPartID, OrderID, PartID, Quantity)
      VALUES(206, 140, 202, 5);
INSERT dbo.OrderPart (OrderPartID, OrderID, PartID, Quantity)
      VALUES(207, 140, 16, 3);
INSERT dbo.OrderPart (OrderPartID, OrderID, PartID, Quantity)
      VALUES(208, 141, 206, 5);
INSERT dbo.OrderPart (OrderPartID, OrderID, PartID, Quantity)
      VALUES(209, 141, 15, 2);
INSERT dbo.OrderPart (OrderPartID, OrderID, PartID, Quantity)
      VALUES(210, 141, 110, 2);
INSERT dbo.OrderPart (OrderPartID, OrderID, PartID, Quantity)
      VALUES(211, 142, 202, 2);
INSERT dbo.OrderPart (OrderPartID, OrderID, PartID, Quantity)
      VALUES(212, 143, 110, 3);
INSERT dbo.OrderPart (OrderPartID, OrderID, PartID, Quantity)
      VALUES(213, 144, 121, 5);
INSERT dbo.OrderPart (OrderPartID, OrderID, PartID, Quantity)
      VALUES(214, 145, 103, 3);
INSERT dbo.OrderPart (OrderPartID, OrderID, PartID, Quantity)
      VALUES(215, 145, 118, 3);
INSERT dbo.OrderPart (OrderPartID, OrderID, PartID, Quantity)
      VALUES(216, 146, 206, 3);
INSERT dbo.OrderPart (OrderPartID, OrderID, PartID, Quantity)
      VALUES(217, 147, 106, 3);
INSERT dbo.OrderPart (OrderPartID, OrderID, PartID, Quantity)
      VALUES(218, 147, 102, 1);
INSERT dbo.OrderPart (OrderPartID, OrderID, PartID, Quantity)
      VALUES(219, 147, 205, 4);
INSERT dbo.OrderPart (OrderPartID, OrderID, PartID, Quantity)
      VALUES(220, 148, 14, 1);
INSERT dbo.OrderPart (OrderPartID, OrderID, PartID, Quantity)
      VALUES(221, 148, 119, 2);
INSERT dbo.OrderPart (OrderPartID, OrderID, PartID, Quantity)
      VALUES(222, 149, 200, 2);
INSERT dbo.OrderPart (OrderPartID, OrderID, PartID, Quantity)
      VALUES(223, 150, 206, 3);
INSERT dbo.OrderPart (OrderPartID, OrderID, PartID, Quantity)
      VALUES(224, 150, 120, 1);
INSERT dbo.OrderPart (OrderPartID, OrderID, PartID, Quantity)
      VALUES(225, 150, 107, 1);
INSERT dbo.OrderPart (OrderPartID, OrderID, PartID, Quantity)
      VALUES(226, 150, 118, 4);
INSERT dbo.OrderPart (OrderPartID, OrderID, PartID, Quantity)
      VALUES(227, 150, 30, 3);
INSERT dbo.OrderPart (OrderPartID, OrderID, PartID, Quantity)
      VALUES(228, 151, 110, 1);
INSERT dbo.OrderPart (OrderPartID, OrderID, PartID, Quantity)
      VALUES(229, 151, 6, 2);
INSERT dbo.OrderPart (OrderPartID, OrderID, PartID, Quantity)
      VALUES(230, 152, 204, 1);
INSERT dbo.OrderPart (OrderPartID, OrderID, PartID, Quantity)
      VALUES(231, 152, 22, 3);
INSERT dbo.OrderPart (OrderPartID, OrderID, PartID, Quantity)
      VALUES(232, 153, 117, 1);
INSERT dbo.OrderPart (OrderPartID, OrderID, PartID, Quantity)
      VALUES(233, 154, 116, 3);
INSERT dbo.OrderPart (OrderPartID, OrderID, PartID, Quantity)
      VALUES(234, 154, 112, 2);
INSERT dbo.OrderPart (OrderPartID, OrderID, PartID, Quantity)
      VALUES(235, 155, 114, 1);
INSERT dbo.OrderPart (OrderPartID, OrderID, PartID, Quantity)
      VALUES(236, 155, 115, 1);
INSERT dbo.OrderPart (OrderPartID, OrderID, PartID, Quantity)
      VALUES(237, 156, 114, 1);
INSERT dbo.OrderPart (OrderPartID, OrderID, PartID, Quantity)
      VALUES(238, 157, 206, 4);
INSERT dbo.OrderPart (OrderPartID, OrderID, PartID, Quantity)
      VALUES(239, 158, 4, 1);
INSERT dbo.OrderPart (OrderPartID, OrderID, PartID, Quantity)
      VALUES(240, 158, 110, 3);
INSERT dbo.OrderPart (OrderPartID, OrderID, PartID, Quantity)
      VALUES(241, 158, 101, 1);
INSERT dbo.OrderPart (OrderPartID, OrderID, PartID, Quantity)
      VALUES(242, 159, 24, 1);
INSERT dbo.OrderPart (OrderPartID, OrderID, PartID, Quantity)
      VALUES(243, 159, 25, 1);
INSERT dbo.OrderPart (OrderPartID, OrderID, PartID, Quantity)
      VALUES(244, 159, 208, 1);
INSERT dbo.OrderPart (OrderPartID, OrderID, PartID, Quantity)
      VALUES(245, 159, 25, 2);
INSERT dbo.OrderPart (OrderPartID, OrderID, PartID, Quantity)
      VALUES(246, 160, 206, 5);
INSERT dbo.OrderPart (OrderPartID, OrderID, PartID, Quantity)
      VALUES(247, 160, 204, 4);
INSERT dbo.OrderPart (OrderPartID, OrderID, PartID, Quantity)
      VALUES(248, 161, 30, 1);
INSERT dbo.OrderPart (OrderPartID, OrderID, PartID, Quantity)
      VALUES(249, 161, 114, 5);
INSERT dbo.OrderPart (OrderPartID, OrderID, PartID, Quantity)
      VALUES(250, 161, 15, 1);
INSERT dbo.OrderPart (OrderPartID, OrderID, PartID, Quantity)
      VALUES(251, 162, 206, 2);
INSERT dbo.OrderPart (OrderPartID, OrderID, PartID, Quantity)
      VALUES(252, 163, 101, 3);
INSERT dbo.OrderPart (OrderPartID, OrderID, PartID, Quantity)
      VALUES(253, 164, 23, 1);
INSERT dbo.OrderPart (OrderPartID, OrderID, PartID, Quantity)
      VALUES(254, 165, 8, 1);
INSERT dbo.OrderPart (OrderPartID, OrderID, PartID, Quantity)
      VALUES(255, 165, 111, 4);
INSERT dbo.OrderPart (OrderPartID, OrderID, PartID, Quantity)
      VALUES(256, 166, 122, 2);
INSERT dbo.OrderPart (OrderPartID, OrderID, PartID, Quantity)
      VALUES(257, 166, 200, 3);
INSERT dbo.OrderPart (OrderPartID, OrderID, PartID, Quantity)
      VALUES(258, 166, 22, 4);
INSERT dbo.OrderPart (OrderPartID, OrderID, PartID, Quantity)
      VALUES(259, 166, 119, 4);
INSERT dbo.OrderPart (OrderPartID, OrderID, PartID, Quantity)
      VALUES(260, 167, 18, 2);
INSERT dbo.OrderPart (OrderPartID, OrderID, PartID, Quantity)
      VALUES(261, 167, 206, 2);
INSERT dbo.OrderPart (OrderPartID, OrderID, PartID, Quantity)
      VALUES(262, 167, 115, 5);
INSERT dbo.OrderPart (OrderPartID, OrderID, PartID, Quantity)
      VALUES(263, 167, 208, 3);
INSERT dbo.OrderPart (OrderPartID, OrderID, PartID, Quantity)
      VALUES(264, 167, 201, 1);
INSERT dbo.OrderPart (OrderPartID, OrderID, PartID, Quantity)
      VALUES(265, 168, 28, 1);
INSERT dbo.OrderPart (OrderPartID, OrderID, PartID, Quantity)
      VALUES(266, 168, 12, 1);
INSERT dbo.OrderPart (OrderPartID, OrderID, PartID, Quantity)
      VALUES(267, 169, 20, 5);
INSERT dbo.OrderPart (OrderPartID, OrderID, PartID, Quantity)
      VALUES(268, 169, 101, 2);
INSERT dbo.OrderPart (OrderPartID, OrderID, PartID, Quantity)
      VALUES(269, 170, 107, 5);
INSERT dbo.OrderPart (OrderPartID, OrderID, PartID, Quantity)
      VALUES(270, 171, 109, 2);
INSERT dbo.OrderPart (OrderPartID, OrderID, PartID, Quantity)
      VALUES(271, 171, 113, 1);
INSERT dbo.OrderPart (OrderPartID, OrderID, PartID, Quantity)
      VALUES(272, 172, 30, 4);
INSERT dbo.OrderPart (OrderPartID, OrderID, PartID, Quantity)
      VALUES(273, 172, 122, 3);
INSERT dbo.OrderPart (OrderPartID, OrderID, PartID, Quantity)
      VALUES(274, 173, 25, 3);
INSERT dbo.OrderPart (OrderPartID, OrderID, PartID, Quantity)
      VALUES(275, 173, 116, 3);
INSERT dbo.OrderPart (OrderPartID, OrderID, PartID, Quantity)
      VALUES(276, 174, 1, 4);
INSERT dbo.OrderPart (OrderPartID, OrderID, PartID, Quantity)
      VALUES(277, 174, 22, 2);
INSERT dbo.OrderPart (OrderPartID, OrderID, PartID, Quantity)
      VALUES(278, 174, 109, 1);
INSERT dbo.OrderPart (OrderPartID, OrderID, PartID, Quantity)
      VALUES(279, 174, 200, 3);
INSERT dbo.OrderPart (OrderPartID, OrderID, PartID, Quantity)
      VALUES(280, 175, 15, 4);
INSERT dbo.OrderPart (OrderPartID, OrderID, PartID, Quantity)
      VALUES(281, 176, 113, 6);
INSERT dbo.OrderPart (OrderPartID, OrderID, PartID, Quantity)
      VALUES(282, 176, 20, 1);
INSERT dbo.OrderPart (OrderPartID, OrderID, PartID, Quantity)
      VALUES(283, 177, 204, 2);
INSERT dbo.OrderPart (OrderPartID, OrderID, PartID, Quantity)
      VALUES(284, 177, 14, 4);
INSERT dbo.OrderPart (OrderPartID, OrderID, PartID, Quantity)
      VALUES(285, 177, 203, 2);
INSERT dbo.OrderPart (OrderPartID, OrderID, PartID, Quantity)
      VALUES(286, 178, 205, 2);
INSERT dbo.OrderPart (OrderPartID, OrderID, PartID, Quantity)
      VALUES(287, 178, 15, 4);
INSERT dbo.OrderPart (OrderPartID, OrderID, PartID, Quantity)
      VALUES(288, 178, 203, 2);
INSERT dbo.OrderPart (OrderPartID, OrderID, PartID, Quantity)
      VALUES(289, 179, 207, 4);
INSERT dbo.OrderPart (OrderPartID, OrderID, PartID, Quantity)
      VALUES(290, 179, 1, 2);
INSERT dbo.OrderPart (OrderPartID, OrderID, PartID, Quantity)
      VALUES(291, 179, 26, 3);
INSERT dbo.OrderPart (OrderPartID, OrderID, PartID, Quantity)
      VALUES(292, 180, 22, 2);
INSERT dbo.OrderPart (OrderPartID, OrderID, PartID, Quantity)
      VALUES(293, 180, 16, 3);
INSERT dbo.OrderPart (OrderPartID, OrderID, PartID, Quantity)
      VALUES(294, 181, 122, 2);
INSERT dbo.OrderPart (OrderPartID, OrderID, PartID, Quantity)
      VALUES(295, 181, 103, 2);
INSERT dbo.OrderPart (OrderPartID, OrderID, PartID, Quantity)
      VALUES(296, 181, 27, 4);
INSERT dbo.OrderPart (OrderPartID, OrderID, PartID, Quantity)
      VALUES(297, 182, 3, 6);
INSERT dbo.OrderPart (OrderPartID, OrderID, PartID, Quantity)
      VALUES(298, 182, 204, 4);
INSERT dbo.OrderPart (OrderPartID, OrderID, PartID, Quantity)
      VALUES(299, 183, 103, 2);
INSERT dbo.OrderPart (OrderPartID, OrderID, PartID, Quantity)
      VALUES(300, 183, 115, 2);
INSERT dbo.OrderPart (OrderPartID, OrderID, PartID, Quantity)
      VALUES(301, 184, 30, 1);
INSERT dbo.OrderPart (OrderPartID, OrderID, PartID, Quantity)
      VALUES(302, 184, 14, 3);
INSERT dbo.OrderPart (OrderPartID, OrderID, PartID, Quantity)
      VALUES(303, 184, 17, 2);
INSERT dbo.OrderPart (OrderPartID, OrderID, PartID, Quantity)
      VALUES(304, 184, 17, 5);
INSERT dbo.OrderPart (OrderPartID, OrderID, PartID, Quantity)
      VALUES(305, 184, 111, 6);
INSERT dbo.OrderPart (OrderPartID, OrderID, PartID, Quantity)
      VALUES(306, 184, 21, 3);
INSERT dbo.OrderPart (OrderPartID, OrderID, PartID, Quantity)
      VALUES(307, 185, 202, 1);
INSERT dbo.OrderPart (OrderPartID, OrderID, PartID, Quantity)
      VALUES(308, 185, 118, 2);
INSERT dbo.OrderPart (OrderPartID, OrderID, PartID, Quantity)
      VALUES(309, 185, 116, 4);
INSERT dbo.OrderPart (OrderPartID, OrderID, PartID, Quantity)
      VALUES(310, 185, 116, 1);
INSERT dbo.OrderPart (OrderPartID, OrderID, PartID, Quantity)
      VALUES(311, 186, 101, 1);
INSERT dbo.OrderPart (OrderPartID, OrderID, PartID, Quantity)
      VALUES(312, 187, 101, 1);
INSERT dbo.OrderPart (OrderPartID, OrderID, PartID, Quantity)
      VALUES(313, 187, 18, 5);
INSERT dbo.OrderPart (OrderPartID, OrderID, PartID, Quantity)
      VALUES(314, 187, 25, 2);
INSERT dbo.OrderPart (OrderPartID, OrderID, PartID, Quantity)
      VALUES(315, 187, 22, 1);
INSERT dbo.OrderPart (OrderPartID, OrderID, PartID, Quantity)
      VALUES(316, 188, 208, 1);
INSERT dbo.OrderPart (OrderPartID, OrderID, PartID, Quantity)
      VALUES(317, 188, 116, 2);
INSERT dbo.OrderPart (OrderPartID, OrderID, PartID, Quantity)
      VALUES(318, 188, 4, 5);
INSERT dbo.OrderPart (OrderPartID, OrderID, PartID, Quantity)
      VALUES(319, 189, 201, 2);
INSERT dbo.OrderPart (OrderPartID, OrderID, PartID, Quantity)
      VALUES(320, 190, 206, 2);
INSERT dbo.OrderPart (OrderPartID, OrderID, PartID, Quantity)
      VALUES(321, 190, 101, 1);
INSERT dbo.OrderPart (OrderPartID, OrderID, PartID, Quantity)
      VALUES(322, 190, 21, 2);
INSERT dbo.OrderPart (OrderPartID, OrderID, PartID, Quantity)
      VALUES(323, 190, 208, 4);
INSERT dbo.OrderPart (OrderPartID, OrderID, PartID, Quantity)
      VALUES(324, 191, 207, 3);
INSERT dbo.OrderPart (OrderPartID, OrderID, PartID, Quantity)
      VALUES(325, 191, 120, 3);
INSERT dbo.OrderPart (OrderPartID, OrderID, PartID, Quantity)
      VALUES(326, 191, 203, 4);
INSERT dbo.OrderPart (OrderPartID, OrderID, PartID, Quantity)
      VALUES(327, 191, 20, 1);
INSERT dbo.OrderPart (OrderPartID, OrderID, PartID, Quantity)
      VALUES(328, 192, 27, 3);
INSERT dbo.OrderPart (OrderPartID, OrderID, PartID, Quantity)
      VALUES(329, 193, 1, 6);
INSERT dbo.OrderPart (OrderPartID, OrderID, PartID, Quantity)
      VALUES(330, 193, 10, 2);
INSERT dbo.OrderPart (OrderPartID, OrderID, PartID, Quantity)
      VALUES(331, 193, 102, 2);
INSERT dbo.OrderPart (OrderPartID, OrderID, PartID, Quantity)
      VALUES(332, 193, 23, 3);
INSERT dbo.OrderPart (OrderPartID, OrderID, PartID, Quantity)
      VALUES(333, 193, 119, 1);
INSERT dbo.OrderPart (OrderPartID, OrderID, PartID, Quantity)
      VALUES(334, 194, 103, 1);
INSERT dbo.OrderPart (OrderPartID, OrderID, PartID, Quantity)
      VALUES(335, 194, 5, 3);
INSERT dbo.OrderPart (OrderPartID, OrderID, PartID, Quantity)
      VALUES(336, 195, 30, 3);
INSERT dbo.OrderPart (OrderPartID, OrderID, PartID, Quantity)
      VALUES(337, 195, 1, 4);
INSERT dbo.OrderPart (OrderPartID, OrderID, PartID, Quantity)
      VALUES(338, 196, 6, 2);
INSERT dbo.OrderPart (OrderPartID, OrderID, PartID, Quantity)
      VALUES(339, 197, 111, 2);
INSERT dbo.OrderPart (OrderPartID, OrderID, PartID, Quantity)
      VALUES(340, 197, 21, 3);
INSERT dbo.OrderPart (OrderPartID, OrderID, PartID, Quantity)
      VALUES(341, 197, 110, 3);
INSERT dbo.OrderPart (OrderPartID, OrderID, PartID, Quantity)
      VALUES(342, 198, 120, 4);
INSERT dbo.OrderPart (OrderPartID, OrderID, PartID, Quantity)
      VALUES(343, 198, 24, 3);
INSERT dbo.OrderPart (OrderPartID, OrderID, PartID, Quantity)
      VALUES(344, 199, 5, 1);
SET IDENTITY_INSERT dbo.OrderPart OFF ;


-- Updating stock to set random values between 0 and 100

UPDATE dbo.Stock
SET    Quantity = abs(checksum(NewId()) % 100);


